date,symbol,name,market,margin_buy,margin_sell,margin_balance,margin_change,short_sell,short_cover,short_balance,short_change,offsetting,source
2025-11-25,1101,台泥,listed,898,332,31796,561,1,37,271,-36,1,TWSE
2025-11-25,1102,亞泥,listed,98,6,1724,92,1,1,8,0,1,TWSE
2025-11-25,1103,嘉泥,listed,21,20,3973,1,0,0,2,0,0,TWSE
2025-11-25,1104,環泥,listed,108,97,1972,11,0,0,2,0,0,TWSE
2025-11-25,1108,幸福,listed,0,0,714,0,0,0,1,0,0,TWSE
2025-11-25,1109,信大,listed,0,0,629,0,0,0,0,0,0,TWSE
2025-11-25,1110,東泥,listed,0,1,3163,-1,0,0,0,0,0,TWSE
2025-11-25,1201,味全,listed,9,0,1172,9,0,0,0,0,0,TWSE
2025-11-25,1203,味王,listed,0,0,11,0,0,0,0,0,0,TWSE
2025-11-25,1210,大成,listed,0,15,1314,-20,0,0,4,0,0,TWSE
2025-11-25,1213,大飲,listed,0,0,0,0,0,0,0,0,0,TWSE
2025-11-25,1215,卜蜂,listed,3,166,455,-163,5,1,28,4,0,TWSE
2025-11-25,1216,統一,listed,1,14,786,-13,0,0,10,0,0,TWSE
2025-11-25,1217,愛之味,listed,6,0,1531,6,0,0,52,0,0,TWSE
2025-11-25,1218,泰山,listed,0,0,2221,-3,0,0,0,0,0,TWSE
2025-11-25,1219,福壽,listed,4,0,660,4,0,0,0,0,0,TWSE
2025-11-25,1220,台榮,listed,0,1,1004,-1,0,0,1,0,0,TWSE
2025-11-25,1225,福懋油,listed,0,2,3928,-2,0,0,3,0,0,TWSE
2025-11-25,1227,佳格,listed,5,2,2095,3,0,0,0,0,0,TWSE
2025-11-25,1229,聯華,listed,6,13,1858,-7,0,1,85,-1,1,TWSE
2025-11-25,1231,聯華食,listed,0,1,448,-1,0,0,5,0,0,TWSE
2025-11-25,1232,大統益,listed,0,0,8,0,0,0,0,0,0,TWSE
2025-11-25,1233,天仁,listed,1,0,64,1,0,0,0,0,0,TWSE
2025-11-25,1234,黑松,listed,0,0,174,0,0,0,0,0,0,TWSE
2025-11-25,1235,興泰,listed,0,0,1006,0,0,0,0,0,0,TWSE
2025-11-25,1236,宏亞,listed,0,2,118,-2,0,0,0,0,0,TWSE
2025-11-25,1256,鮮活果汁-KY,listed,4,0,208,4,0,0,0,0,0,TWSE
2025-11-25,1301,台塑,listed,1426,588,27274,826,12,324,677,-312,7,TWSE
2025-11-25,1303,南亞,listed,6118,3300,36271,2817,693,1002,4586,-310,205,TWSE
2025-11-25,1304,台聚,listed,102,69,6383,32,0,3,2,-3,0,TWSE
2025-11-25,1305,華夏,listed,53,3,3785,50,30,0,41,30,0,TWSE
2025-11-25,1307,三芳,listed,225,27,2082,198,0,0,5,0,0,TWSE
2025-11-25,1308,亞聚,listed,39,65,3646,-26,0,2,7,-2,0,TWSE
2025-11-25,1309,台達化,listed,62,5,3905,57,0,0,1,0,0,TWSE
2025-11-25,1310,台苯,listed,16,17,3007,-1,0,10,3,-10,0,TWSE
2025-11-25,1312,國喬,listed,483,28,12897,455,0,11,28,-11,0,TWSE
2025-11-25,1313,聯成,listed,87,31,7817,52,33,13,194,20,13,TWSE
2025-11-25,1314,中石化,listed,1621,2450,67591,-830,7,22,294,-15,63,TWSE
2025-11-25,1315,達新,listed,0,0,60,0,0,0,0,0,0,TWSE
2025-11-25,1316,上曜,listed,63,48,13529,15,17,0,157,17,4,TWSE
2025-11-25,1319,東陽,listed,120,33,4529,87,3,3,33,0,0,TWSE
2025-11-25,1321,大洋,listed,4,4,7001,0,4,0,8,4,0,TWSE
2025-11-25,1323,永裕,listed,0,0,82,0,0,0,0,0,0,TWSE
2025-11-25,1324,地球,listed,0,0,1841,0,0,0,0,0,0,TWSE
2025-11-25,1325,恆大,listed,165,85,2518,80,7,43,263,-36,10,TWSE
2025-11-25,1326,台化,listed,1046,329,24272,687,24,167,897,-143,7,TWSE
2025-11-25,1337,再生-KY,listed,12,0,21124,12,0,0,0,0,0,TWSE
2025-11-25,1338,廣華-KY,listed,0,0,2111,0,0,0,0,0,0,TWSE
2025-11-25,1339,昭輝,listed,0,1,811,-1,0,0,0,0,0,TWSE
2025-11-25,1340,勝悅-KY,listed,9,4,1050,5,0,0,0,0,0,TWSE
2025-11-25,1342,八貫,listed,0,1,546,-1,0,0,0,0,0,TWSE
2025-11-25,1402,遠東新,listed,11,59,2689,-48,2,0,70,2,0,TWSE
2025-11-25,1409,新纖,listed,351,319,14425,32,1,21,112,-20,25,TWSE
2025-11-25,1410,南染,listed,0,0,234,0,0,0,0,0,0,TWSE
2025-11-25,1413,宏洲,listed,0,0,0,0,0,0,0,0,0,TWSE
2025-11-25,1414,東和,listed,156,143,1324,13,0,0,0,0,0,TWSE
2025-11-25,1416,廣豐,listed,1,4,3834,-3,2,0,2,2,0,TWSE
2025-11-25,1417,嘉裕,listed,37,90,1011,-53,0,0,0,0,0,TWSE
2025-11-25,1418,東華,listed,0,0,707,0,0,0,0,0,0,TWSE
2025-11-25,1419,新紡,listed,198,346,1832,-148,17,17,63,0,6,TWSE
2025-11-25,1423,利華,listed,0,0,68,0,0,0,0,0,0,TWSE
2025-11-25,1432,大魯閣,listed,0,0,0,0,0,0,0,0,0,TWSE
2025-11-25,1434,福懋,listed,34,103,1369,-69,0,0,0,0,0,TWSE
2025-11-25,1435,中福,listed,0,0,0,0,0,0,0,0,0,TWSE
2025-11-25,1436,華友聯,listed,9,0,1224,9,0,0,8,0,0,TWSE
2025-11-25,1437,勤益控,listed,39,45,2669,-6,0,0,2,0,0,TWSE
2025-11-25,1438,三地開發,listed,0,0,404,0,0,0,0,0,0,TWSE
2025-11-25,1439,雋揚,listed,1,2,936,-1,0,0,0,0,0,TWSE
2025-11-25,1440,南紡,listed,41,35,3867,-4,0,1,12,-1,0,TWSE
2025-11-25,1441,大東,listed,0,0,0,0,0,0,0,0,0,TWSE
2025-11-25,1442,名軒,listed,29,7,1277,19,2,222,334,-220,0,TWSE
2025-11-25,1443,立益物流,listed,0,0,99,0,0,0,0,0,0,TWSE
2025-11-25,1444,力麗,listed,0,192,4218,-192,0,0,65,0,0,TWSE
2025-11-25,1445,大宇,listed,0,0,2222,0,0,0,0,0,0,TWSE
2025-11-25,1446,宏和,listed,0,13,2760,-13,0,1,22,-1,0,TWSE
2025-11-25,1447,力鵬,listed,0,0,6206,0,0,0,2,0,0,TWSE
2025-11-25,1449,佳和,listed,10,17,5122,-7,10,0,35,10,0,TWSE
2025-11-25,1451,年興,listed,0,8,1224,-8,0,0,0,0,0,TWSE
2025-11-25,1452,宏益,listed,22,0,141,22,0,0,0,0,0,TWSE
2025-11-25,1453,大將,listed,1,1,1219,-47,0,0,2,0,0,TWSE
2025-11-25,1454,台富,listed,0,0,1908,0,0,0,0,0,0,TWSE
2025-11-25,1455,集盛,listed,23,47,3163,-24,0,0,0,0,0,TWSE
2025-11-25,1456,怡華,listed,4,0,157,4,0,0,0,0,0,TWSE
2025-11-25,1457,宜進,listed,0,0,383,0,0,0,4,0,0,TWSE
2025-11-25,1459,聯發,listed,0,0,5,0,0,0,0,0,0,TWSE
2025-11-25,1460,宏遠,listed,0,0,0,0,0,0,0,0,0,TWSE
2025-11-25,1463,強盛新,listed,21,8,574,13,0,0,35,0,0,TWSE
2025-11-25,1464,得力,listed,0,0,1730,0,0,0,0,0,0,TWSE
2025-11-25,1465,偉全,listed,12,33,3561,-21,0,0,0,0,0,TWSE
2025-11-25,1466,聚隆,listed,7,1,3485,6,0,0,16,0,1,TWSE
2025-11-25,1467,南緯,listed,4,0,5563,1,0,0,20,0,0,TWSE
2025-11-25,1468,昶和,listed,0,0,0,0,0,0,0,0,0,TWSE
2025-11-25,1470,大統新創,listed,0,0,6,0,0,0,0,0,0,TWSE
2025-11-25,1471,首利,listed,0,0,0,0,0,0,0,0,0,TWSE
2025-11-25,1472,三洋實業,listed,0,0,4170,0,0,0,0,0,0,TWSE
2025-11-25,1473,台南,listed,0,2,1077,-4,0,0,0,0,0,TWSE
2025-11-25,1474,弘裕,listed,3,0,3968,3,0,2,0,-2,0,TWSE
2025-11-25,1475,業旺,listed,5,2,493,3,0,0,0,0,0,TWSE
2025-11-25,1476,儒鴻,listed,26,1,231,25,0,6,5,-6,0,TWSE
2025-11-25,1477,聚陽,listed,5,8,325,-3,0,0,20,0,0,TWSE
2025-11-25,1503,士電,listed,70,90,4635,-21,5,17,67,-12,0,TWSE
2025-11-25,1504,東元,listed,2340,2711,21994,-406,419,499,2353,-81,63,TWSE
2025-11-25,1506,正道,listed,0,0,0,0,0,0,0,0,0,TWSE
2025-11-25,1512,瑞利,listed,0,0,0,0,0,0,0,0,0,TWSE
2025-11-25,1513,中興電,listed,289,228,9705,56,3,21,49,-18,0,TWSE
2025-11-25,1514,亞力,listed,80,52,6980,27,15,4,103,11,1,TWSE
2025-11-25,1515,力山,listed,0,4,1862,-6,0,0,13,0,0,TWSE
2025-11-25,1516,川飛,listed,0,5,205,-5,0,0,0,0,0,TWSE
2025-11-25,1517,利奇,listed,1,0,1291,1,1,0,96,1,0,TWSE
2025-11-25,1519,華城,listed,328,347,4039,-20,29,39,248,-45,4,TWSE
2025-11-25,1521,大億,listed,0,0,339,0,0,0,0,0,0,TWSE
2025-11-25,1522,堤維西,listed,59,65,7248,-6,0,0,134,0,0,TWSE
2025-11-25,1524,耿鼎,listed,64,62,6749,2,0,2,16,-2,1,TWSE
2025-11-25,1525,江申,listed,0,10,230,-10,0,0,0,0,0,TWSE
2025-11-25,1526,日馳,listed,2,6,1071,-4,0,0,0,0,0,TWSE
2025-11-25,1527,鑽全,listed,0,2,320,-2,0,0,0,0,0,TWSE
2025-11-25,1528,恩德,listed,508,750,8418,-245,65,0,218,65,3,TWSE
2025-11-25,1529,樂事綠能,listed,8,29,3239,-21,0,5,20,-5,0,TWSE
2025-11-25,1530,亞崴,listed,3,0,95,3,0,0,2,0,0,TWSE
2025-11-25,1531,高林股,listed,2,0,1855,2,0,0,0,0,0,TWSE
2025-11-25,1532,勤美,listed,26,53,3919,-33,0,0,38,0,0,TWSE
2025-11-25,1533,車王電,listed,2,8,807,-8,0,0,2,0,1,TWSE
2025-11-25,1535,中宇,listed,0,0,55,0,0,0,0,0,0,TWSE
2025-11-25,1536,和大,listed,8,39,8281,-31,3,15,3426,-12,0,TWSE
2025-11-25,1537,廣隆,listed,0,0,56,0,0,0,0,0,0,TWSE
2025-11-25,1538,正峰,listed,0,0,0,0,0,0,0,0,0,TWSE
2025-11-25,1539,巨庭,listed,0,0,1550,0,0,0,0,0,0,TWSE
2025-11-25,1540,喬福,listed,2,13,2498,-11,0,0,4,0,0,TWSE
2025-11-25,1541,錩泰,listed,0,1,106,-1,0,0,0,0,0,TWSE
2025-11-25,1558,伸興,listed,0,0,494,0,0,0,4,0,0,TWSE
2025-11-25,1560,中砂,listed,55,78,4186,-24,33,3,217,30,0,TWSE
2025-11-25,1563,巧新,listed,3,0,495,3,0,0,8,0,0,TWSE
2025-11-25,1568,倉佑,listed,6,205,1166,-199,0,0,1,0,0,TWSE
2025-11-25,1582,信錦,listed,5,8,2898,-3,0,0,92,0,0,TWSE
2025-11-25,1583,程泰,listed,0,0,49,0,0,0,2,0,0,TWSE
2025-11-25,1587,吉茂,listed,245,297,3021,-62,13,25,85,-12,2,TWSE
2025-11-25,1589,永冠-KY,listed,31,2,4379,14,0,0,91,-12,0,TWSE
2025-11-25,1590,亞德客-KY,listed,7,15,194,-8,0,0,2,0,0,TWSE
2025-11-25,1597,直得,listed,2,24,3152,-24,0,0,11,0,0,TWSE
2025-11-25,1598,岱宇,listed,0,32,2269,-32,0,0,0,0,0,TWSE
2025-11-25,1603,華電,listed,11,11,2269,0,2,0,8,2,0,TWSE
2025-11-25,1604,聲寶,listed,0,0,367,0,0,0,0,0,0,TWSE
2025-11-25,1605,華新,listed,2087,2540,62374,-470,49,61,1453,-12,12,TWSE
2025-11-25,1608,華榮,listed,267,345,10669,-84,4,23,118,-19,1,TWSE
2025-11-25,1609,大亞,listed,58,100,17125,-42,9,1,68,8,0,TWSE
2025-11-25,1611,中電,listed,99,109,3647,-10,0,0,22,0,0,TWSE
2025-11-25,1612,宏泰,listed,4,6,2069,-2,4,0,6,4,0,TWSE
2025-11-25,1614,三洋電,listed,0,0,428,0,0,0,3,0,0,TWSE
2025-11-25,1615,大山,listed,0,0,241,0,0,0,0,0,0,TWSE
2025-11-25,1616,億泰,listed,7,20,4457,-14,1,0,79,1,0,TWSE
2025-11-25,1617,榮星,listed,14,60,2214,-46,0,0,0,0,1,TWSE
2025-11-25,1618,合機,listed,4,16,5214,-18,0,2,28,-2,0,TWSE
2025-11-25,1626,艾美特-KY,listed,17,33,3383,-16,0,0,0,0,0,TWSE
2025-11-25,1702,南僑,listed,7,6,432,-4,0,0,10,0,0,TWSE
2025-11-25,1707,葡萄王,listed,1,0,358,1,0,0,2,0,0,TWSE
2025-11-25,1708,東鹼,listed,45,41,2928,4,0,0,16,-1,0,TWSE
2025-11-25,1709,和益,listed,0,1,2310,-1,0,0,0,0,0,TWSE
2025-11-25,1710,東聯,listed,13,2,4560,11,0,0,11,0,0,TWSE
2025-11-25,1711,永光,listed,71,266,12292,-195,6,6,39,0,2,TWSE
2025-11-25,1712,興農,listed,1,0,666,1,0,0,1,0,0,TWSE
2025-11-25,1713,國化,listed,23,2,3457,21,0,0,0,0,0,TWSE
2025-11-25,1714,和桐,listed,7,8,5828,-1,0,0,4,0,0,TWSE
2025-11-25,1717,長興,listed,327,163,14561,163,10,80,340,-70,2,TWSE
2025-11-25,1718,中纖,listed,72,22,17724,16,0,15,31,-15,0,TWSE
2025-11-25,1720,生達,listed,29,20,530,-1,2,0,2,2,0,TWSE
2025-11-25,1721,三晃,listed,0,0,2282,0,0,0,27,0,0,TWSE
2025-11-25,1722,台肥,listed,23,37,2117,-14,0,0,20,0,0,TWSE
2025-11-25,1723,中碳,listed,42,7,313,35,2,0,15,2,0,TWSE
2025-11-25,1725,元禎,listed,12,4,325,8,0,0,0,0,0,TWSE
2025-11-25,1726,永記,listed,0,0,0,0,0,0,0,0,0,TWSE
2025-11-25,1727,中華化,listed,1215,1067,5666,148,333,64,815,269,9,TWSE
2025-11-25,1730,花仙子,listed,0,0,6,0,0,0,0,0,0,TWSE
2025-11-25,1731,美吾華,listed,0,0,188,0,0,0,0,0,0,TWSE
2025-11-25,1732,毛寶,listed,0,12,503,-12,0,0,1,0,0,TWSE
2025-11-25,1733,五鼎,listed,0,0,4421,0,0,0,5,0,0,TWSE
2025-11-25,1734,杏輝,listed,1,0,1035,1,0,0,0,0,0,TWSE
2025-11-25,1735,日勝化,listed,0,0,429,0,0,0,0,0,0,TWSE
2025-11-25,1736,喬山,listed,131,92,2256,39,1,5,56,-4,0,TWSE
2025-11-25,1737,臺鹽,listed,0,0,77,0,0,0,0,0,0,TWSE
2025-11-25,1752,南光,listed,1,0,815,1,0,0,8,0,0,TWSE
2025-11-25,1760,寶齡富錦,listed,4,2,1225,2,0,0,1,0,0,TWSE
2025-11-25,1762,中化生,listed,10,0,896,10,0,1,26,-1,0,TWSE
2025-11-25,1773,勝一,listed,1,0,656,1,0,0,0,0,0,TWSE
2025-11-25,1776,展宇,listed,0,0,712,0,0,0,0,0,0,TWSE
2025-11-25,1783,和康生,listed,2,2,1247,0,0,0,0,0,0,TWSE
2025-11-25,1786,科妍,listed,56,66,6698,-10,2,0,12,2,0,TWSE
2025-11-25,1789,神隆,listed,4,2,2094,2,0,0,0,0,0,TWSE
2025-11-25,1795,美時,listed,607,447,8689,160,22,9,145,13,5,TWSE
2025-11-25,1802,台玻,listed,5516,6152,43694,-641,753,467,8137,286,125,TWSE
2025-11-25,1805,寶徠,listed,0,0,525,0,0,0,0,0,0,TWSE
2025-11-25,1806,冠軍,listed,0,7,2698,-8,0,0,0,0,0,TWSE
2025-11-25,1808,潤隆,listed,51,19,3796,28,12,38,78,-26,3,TWSE
2025-11-25,1809,中釉,listed,26,16,4081,10,1,0,55,1,3,TWSE
2025-11-25,1810,和成,listed,32,50,18779,-19,1,2,9,-1,0,TWSE
2025-11-25,1817,凱撒衛,listed,0,0,28,0,0,0,0,0,0,TWSE
2025-11-25,1903,士紙,listed,49,93,3873,-44,3,19,17,-16,2,TWSE
2025-11-25,1904,正隆,listed,6,19,1123,-13,0,0,2,0,0,TWSE
2025-11-25,1905,華紙,listed,9,65,6923,-57,1,1,26,0,0,TWSE
2025-11-25,1906,寶隆,listed,5,0,6741,5,0,0,0,0,0,TWSE
2025-11-25,1907,永豐餘,listed,167,182,20825,-15,0,0,3,0,0,TWSE
2025-11-25,1909,榮成,listed,194,805,4995,-611,0,0,23,0,0,TWSE
2025-11-25,2002,中鋼,listed,625,216,22216,399,10,6,182,4,0,TWSE
2025-11-25,2006,東和鋼鐵,listed,98,2172,1539,-2074,7,1,22,6,6,TWSE
2025-11-25,2007,燁興,listed,0,20,579,-20,0,0,0,0,0,TWSE
2025-11-25,2008,高興昌,listed,0,0,307,0,0,0,0,0,0,TWSE
2025-11-25,2009,第一銅,listed,113,213,6127,-106,23,2,802,21,0,TWSE
2025-11-25,2010,春源,listed,50,11,1711,37,0,0,5,0,0,TWSE
2025-11-25,2012,春雨,listed,0,0,92,-1,0,0,0,0,0,TWSE
2025-11-25,2013,中鋼構,listed,0,1,1549,-1,0,0,0,0,0,TWSE
2025-11-25,2014,中鴻,listed,0,0,7094,-3,0,0,242,0,0,TWSE
2025-11-25,2015,豐興,listed,1,3,37,-2,0,0,0,0,0,TWSE
2025-11-25,2017,官田鋼,listed,11,26,3242,-15,0,0,0,0,0,TWSE
2025-11-25,2020,美亞,listed,0,7,717,-8,0,0,3,0,0,TWSE
2025-11-25,2022,聚亨,listed,0,3,1940,-103,0,0,2,0,0,TWSE
2025-11-25,2023,燁輝,listed,10,12,2271,-2,0,13,1,-13,0,TWSE
2025-11-25,2024,志聯,listed,0,0,8,0,0,0,0,0,0,TWSE
2025-11-25,2025,千興,listed,0,0,0,0,0,0,0,0,0,TWSE
2025-11-25,2027,大成鋼,listed,540,822,28303,-282,29,2,2178,27,2,TWSE
2025-11-25,2028,威致,listed,5,0,1011,5,0,0,0,0,0,TWSE
2025-11-25,2029,盛餘,listed,0,0,379,0,0,0,0,0,0,TWSE
2025-11-25,2030,彰源,listed,0,0,1519,0,0,0,0,0,0,TWSE
2025-11-25,2031,新光鋼,listed,23,231,2271,-208,4,20,14,-16,0,TWSE
2025-11-25,2032,新鋼,listed,13,3,2479,10,0,0,0,0,0,TWSE
2025-11-25,2033,佳大,listed,2,2,8435,0,0,0,0,0,0,TWSE
2025-11-25,2034,允強,listed,54,127,3726,-73,15,1,133,14,0,TWSE
2025-11-25,2038,海光,listed,5,4,4692,1,0,0,38,0,0,TWSE
2025-11-25,2049,上銀,listed,64,34,5284,30,8,7,100,1,0,TWSE
2025-11-25,2059,川湖,listed,56,22,487,34,0,11,26,-11,0,TWSE
2025-11-25,2062,橋椿,listed,0,7,2476,-7,0,0,14,0,0,TWSE
2025-11-25,2069,運錩,listed,23,4,850,19,0,0,0,0,0,TWSE
2025-11-25,2101,南港,listed,293,110,32359,183,0,0,28,0,0,TWSE
2025-11-25,2102,泰豐,listed,16,3,4270,13,0,0,4,0,0,TWSE
2025-11-25,2103,台橡,listed,309,464,6108,-155,5,50,10,-45,0,TWSE
2025-11-25,2104,國際中橡,listed,82,0,13619,82,0,2,42,-2,0,TWSE
2025-11-25,2105,正新,listed,137,86,5005,49,0,2,38,-2,0,TWSE
2025-11-25,2106,建大,listed,30,2,2510,28,0,0,10,0,0,TWSE
2025-11-25,2107,厚生,listed,0,2,378,-2,0,0,0,0,0,TWSE
2025-11-25,2108,南帝,listed,6,13,2128,-77,0,0,18,0,0,TWSE
2025-11-25,2109,華豐,listed,10,2,1034,8,0,0,0,0,0,TWSE
2025-11-25,2114,鑫永銓,listed,0,0,26,0,0,0,0,0,0,TWSE
2025-11-25,2115,六暉-KY,listed,0,0,432,0,0,0,0,0,0,TWSE
2025-11-25,2201,裕隆,listed,322,1103,10725,-781,38,61,233,-23,2,TWSE
2025-11-25,2204,中華,listed,30,12,4046,11,0,5,60,-5,0,TWSE
2025-11-25,2206,三陽工業,listed,7,3,25323,3,1,0,7,1,0,TWSE
2025-11-25,2207,和泰車,listed,7,1,71,6,0,0,0,0,0,TWSE
2025-11-25,2208,台船,listed,0,0,0,0,0,0,0,0,0,TWSE
2025-11-25,2211,長榮鋼,listed,227,183,1410,44,7,1,11,6,0,TWSE
2025-11-25,2228,劍麟,listed,1,12,2041,-11,0,0,32,0,0,TWSE
2025-11-25,2231,為升,listed,138,66,5731,71,25,11,82,14,0,TWSE
2025-11-25,2233,宇隆,listed,156,43,4690,113,1,7,38,-6,0,TWSE
2025-11-25,2236,百達-KY,listed,85,7,9918,78,73,11,2785,62,0,TWSE
2025-11-25,2239,英利-KY,listed,0,49,1751,-49,0,0,0,0,0,TWSE
2025-11-25,2241,艾姆勒,listed,51,222,5686,-176,0,5,85,-5,0,TWSE
2025-11-25,2243,宏旭-KY,listed,0,1,746,-1,0,0,0,0,0,TWSE
2025-11-25,2247,汎德永業,listed,24,0,348,24,1,0,20,1,0,TWSE
2025-11-25,2250,IKKA-KY,listed,7,18,1894,-11,0,0,6,0,0,TWSE
2025-11-25,2254,巨鎧精密-創,listed,0,0,5222,0,0,0,0,0,0,TWSE
2025-11-25,2301,光寶科,listed,497,288,22236,192,108,47,749,61,2,TWSE
2025-11-25,2302,麗正,listed,25,88,3010,-63,3,0,5,3,0,TWSE
2025-11-25,2303,聯電,listed,2018,232,31712,1771,40,2382,765,-2344,2,TWSE
2025-11-25,2305,全友,listed,1,2,1851,-6,0,1,13,-1,0,TWSE
2025-11-25,2308,台達電,listed,304,350,6745,-47,17,11,819,6,1,TWSE
2025-11-25,2312,金寶,listed,725,1505,47394,-792,219,10,577,209,6,TWSE
2025-11-25,2313,華通,listed,402,430,24418,-39,55,25,1025,30,11,TWSE
2025-11-25,2314,台揚,listed,0,0,0,0,0,0,0,0,0,TWSE
2025-11-25,2316,楠梓電,listed,951,531,6832,419,274,179,1793,95,13,TWSE
2025-11-25,2317,鴻海,listed,2400,2059,61960,282,254,361,2705,-107,17,TWSE
2025-11-25,2321,東訊,listed,0,0,0,0,0,0,0,0,0,TWSE
2025-11-25,2323,中環,listed,53,1022,24437,-989,15,1,50,14,0,TWSE
2025-11-25,2324,仁寶,listed,177,828,34508,-654,76,28,728,48,0,TWSE
2025-11-25,2327,國巨*,listed,2150,2552,45568,-413,15,76,407,-61,5,TWSE
2025-11-25,2328,廣宇,listed,146,139,21768,5,13,12,460,-19,31,TWSE
2025-11-25,2329,華泰,listed,1263,855,15073,404,65,37,412,28,9,TWSE
2025-11-25,2330,台積電,listed,373,800,19334,-441,18,3,225,15,1,TWSE
2025-11-25,2331,精英,listed,229,123,10856,78,8,0,75,8,0,TWSE
2025-11-25,2332,友訊,listed,52,151,19988,-99,1,29,197,-28,0,TWSE
2025-11-25,2337,旺宏,listed,4947,3160,69604,1786,1082,894,8796,183,202,TWSE
2025-11-25,2338,光罩,listed,23,42,6323,-19,3,7,309,-4,0,TWSE
2025-11-25,2340,台亞,listed,47,235,8282,-188,18,13,266,-15,0,TWSE
2025-11-25,2342,茂矽,listed,160,84,4413,76,33,9,220,-6,0,TWSE
2025-11-25,2344,華邦電,listed,28722,9002,128166,19712,2651,1546,20752,881,354,TWSE
2025-11-25,2345,智邦,listed,204,126,4361,76,9,8,183,1,0,TWSE
2025-11-25,2347,聯強,listed,48,88,1499,-40,0,3,34,-3,0,TWSE
2025-11-25,2348,海悅,listed,18,4,1743,3,6,2,64,4,0,TWSE
2025-11-25,2349,錸德,listed,0,0,0,0,0,0,0,0,0,TWSE
2025-11-25,2351,順德,listed,68,101,6645,-33,13,9,76,4,0,TWSE
2025-11-25,2352,佳世達,listed,107,135,12123,-29,7,87,73,-80,2,TWSE
2025-11-25,2353,宏碁,listed,1245,386,24623,791,65,184,6585,-119,2,TWSE
2025-11-25,2354,鴻準,listed,457,273,33140,183,52,37,562,15,1,TWSE
2025-11-25,2355,敬鵬,listed,4,28,5780,-34,0,0,75,-15,0,TWSE
2025-11-25,2356,英業達,listed,263,464,25141,-205,5,13,1565,-9,1,TWSE
2025-11-25,2357,華碩,listed,52,77,1567,-29,15,3,47,12,0,TWSE
2025-11-25,2359,所羅門,listed,47,55,6852,-15,20,7,866,9,0,TWSE
2025-11-25,2360,致茂,listed,478,552,1812,-75,4,53,78,-50,4,TWSE
2025-11-25,2362,藍天,listed,47,465,3291,-418,1,0,32,1,0,TWSE
2025-11-25,2363,矽統,listed,122,186,23167,-70,3,56,76,-73,0,TWSE
2025-11-25,2364,倫飛,listed,15,20,1006,-5,5,4,29,1,0,TWSE
2025-11-25,2365,昆盈,listed,14,27,11127,-31,6,27,156,-33,0,TWSE
2025-11-25,2367,燿華,listed,105,227,25196,-149,31,3,196,28,1,TWSE
2025-11-25,2368,金像電,listed,3013,1571,9007,1441,368,45,1514,311,14,TWSE
2025-11-25,2369,菱生,listed,114,326,6474,-212,53,8,288,45,3,TWSE
2025-11-25,2371,大同,listed,286,237,75719,34,6,13,112,-7,23,TWSE
2025-11-25,2373,震旦行,listed,2,0,96,2,0,0,0,0,0,TWSE
2025-11-25,2374,佳能,listed,344,481,17125,-138,54,75,634,-21,56,TWSE
2025-11-25,2375,凱美,listed,223,402,5142,-179,41,83,451,-42,4,TWSE
2025-11-25,2376,技嘉,listed,113,77,6183,34,73,97,364,-24,1,TWSE
2025-11-25,2377,微星,listed,684,446,11472,235,30,9,195,21,11,TWSE
2025-11-25,2379,瑞昱,listed,7,30,2566,-23,3,1,22,2,2,TWSE
2025-11-25,2380,虹光,listed,0,0,0,0,0,0,0,0,0,TWSE
2025-11-25,2382,廣達,listed,231,324,16056,-99,77,11,647,66,1,TWSE
2025-11-25,2383,台光電,listed,412,322,2610,88,75,0,122,75,2,TWSE
2025-11-25,2385,群光,listed,84,7,3200,75,1,3,16,-2,0,TWSE
2025-11-25,2387,精元,listed,7,62,3230,-55,6,0,14,6,0,TWSE
2025-11-25,2388,威盛,listed,185,83,14742,102,15,5,245,2,0,TWSE
2025-11-25,2390,云辰,listed,5,3,2075,1,0,16,0,-16,0,TWSE
2025-11-25,2392,正崴,listed,17,81,8052,-73,5,1,59,4,1,TWSE
2025-11-25,2393,億光,listed,53,9,1904,44,392,0,746,392,0,TWSE
2025-11-25,2395,研華,listed,87,3,2138,84,1,3,18,-2,0,TWSE
2025-11-25,2397,友通,listed,4,7,1738,-4,0,0,2,0,0,TWSE
2025-11-25,2399,映泰,listed,620,312,8309,307,84,2,134,82,5,TWSE
2025-11-25,2401,凌陽,listed,27,112,12928,-86,0,4,58,-4,0,TWSE
2025-11-25,2402,毅嘉,listed,143,173,12025,-30,2,22,109,-20,0,TWSE
2025-11-25,2404,漢唐,listed,39,51,1919,-12,3,0,47,3,1,TWSE
2025-11-25,2405,輔信,listed,2,22,11749,-20,11,0,54,11,0,TWSE
2025-11-25,2406,國碩,listed,137,103,14133,34,69,29,585,40,1,TWSE
2025-11-25,2408,南亞科,listed,21185,7266,131488,13908,1399,1196,16864,190,269,TWSE
2025-11-25,2409,友達,listed,1726,2928,97699,-1380,216,57,403,159,17,TWSE
2025-11-25,2412,中華電,listed,136,8,1483,128,0,1,31,-1,0,TWSE
2025-11-25,2413,環科,listed,941,1023,3595,-82,100,16,481,84,3,TWSE
2025-11-25,2414,精技,listed,3,0,294,3,0,0,0,0,0,TWSE
2025-11-25,2415,錩新,listed,2,1,2361,1,0,0,0,0,0,TWSE
2025-11-25,2417,圓剛,listed,10,15,4450,-5,0,0,28,0,0,TWSE
2025-11-25,2419,仲琦,listed,9,25,5173,-26,0,0,6,0,0,TWSE
2025-11-25,2420,新巨,listed,0,1,568,-1,0,0,0,0,0,TWSE
2025-11-25,2421,建準,listed,246,138,4896,108,43,93,296,-50,1,TWSE
2025-11-25,2423,固緯,listed,0,0,161,0,0,0,0,0,0,TWSE
2025-11-25,2424,隴華,listed,0,0,0,0,0,0,0,0,0,TWSE
2025-11-25,2425,承啟,listed,0,20,2760,-20,1,1,12,0,0,TWSE
2025-11-25,2426,鼎元,listed,3,5,4775,-2,7,0,28,7,0,TWSE
2025-11-25,2427,三商電,listed,54,37,6127,17,0,0,349,0,0,TWSE
2025-11-25,2428,興勤,listed,50,119,3090,-69,1,1,15,0,0,TWSE
2025-11-25,2429,銘旺科,listed,0,1,6747,-1,0,1,261,-1,0,TWSE
2025-11-25,2430,燦坤,listed,0,0,79,0,0,0,0,0,0,TWSE
2025-11-25,2431,聯昌,listed,26,20,3825,6,0,0,16,0,0,TWSE
2025-11-25,2432,倚天酷碁-創,listed,0,0,352,0,0,0,0,0,0,TWSE
2025-11-25,2433,互盛電,listed,0,0,3,0,0,0,0,0,0,TWSE
2025-11-25,2434,統懋,listed,1,17,64,-16,0,0,0,0,0,TWSE
2025-11-25,2436,偉詮電,listed,12,23,4279,-11,0,4,41,-4,0,TWSE
2025-11-25,2438,翔耀,listed,0,0,0,0,0,0,0,0,0,TWSE
2025-11-25,2439,美律,listed,38,35,2864,2,2,4,8,-2,0,TWSE
2025-11-25,2440,太空梭,listed,0,0,0,0,0,0,0,0,0,TWSE
2025-11-25,2441,超豐,listed,98,114,2325,-20,7,3,36,4,0,TWSE
2025-11-25,2442,新美齊,listed,102,7,18820,94,2,1,63,1,0,TWSE
2025-11-25,2444,兆勁,listed,0,0,0,0,0,0,0,0,0,TWSE
2025-11-25,2449,京元電子,listed,1423,666,16496,755,193,49,1825,144,19,TWSE
2025-11-25,2450,神腦,listed,1,0,94,1,0,0,0,0,0,TWSE
2025-11-25,2451,創見,listed,232,469,2241,-237,9,13,276,-4,215,TWSE
2025-11-25,2453,凌群,listed,4,3,2934,-2,0,0,10,0,0,TWSE
2025-11-25,2454,聯發科,listed,151,122,6578,29,6,2,168,4,0,TWSE
2025-11-25,2455,全新,listed,408,205,6481,202,10,65,343,-55,0,TWSE
2025-11-25,2457,飛宏,listed,116,89,13758,27,29,24,185,5,0,TWSE
2025-11-25,2458,義隆,listed,17,14,2747,-2,0,0,22,0,0,TWSE
2025-11-25,2459,敦吉,listed,4,5,86,-1,0,0,0,0,0,TWSE
2025-11-25,2460,建通,listed,0,15,1679,-15,0,0,0,0,0,TWSE
2025-11-25,2461,光群雷,listed,1,5,2832,-5,0,0,7,0,0,TWSE
2025-11-25,2462,良得電,listed,3,0,2136,3,0,0,8,0,0,TWSE
2025-11-25,2464,盟立,listed,23,118,9059,-102,0,12,153,-22,0,TWSE
2025-11-25,2465,麗臺,listed,0,0,397,0,0,0,0,0,0,TWSE
2025-11-25,2466,冠西電,listed,108,10,3176,98,22,3,83,19,1,TWSE
2025-11-25,2467,志聖,listed,249,276,3022,-33,23,1,118,22,2,TWSE
2025-11-25,2468,華經,listed,19,82,4347,-63,5,1,65,4,0,TWSE
2025-11-25,2471,資通,listed,0,13,1688,-13,0,0,4,0,0,TWSE
2025-11-25,2472,立隆電,listed,282,648,7072,-366,48,54,188,-6,4,TWSE
2025-11-25,2474,可成,listed,18,81,1810,-63,7,22,41,-15,0,TWSE
2025-11-25,2476,鉅祥,listed,43,15,16727,26,0,0,11,0,0,TWSE
2025-11-25,2477,美隆電,listed,3,1,1486,2,0,0,0,0,0,TWSE
2025-11-25,2478,大毅,listed,399,462,3236,-65,64,36,97,28,2,TWSE
2025-11-25,2480,敦陽科,listed,2,0,199,2,0,0,4,0,0,TWSE
2025-11-25,2481,強茂,listed,664,1172,17272,-508,99,91,810,8,21,TWSE
2025-11-25,2482,連宇,listed,12,3,2216,9,0,0,4,0,0,TWSE
2025-11-25,2483,百容,listed,2,0,764,2,0,0,0,0,0,TWSE
2025-11-25,2484,希華,listed,2,12,1980,-10,0,0,2,0,0,TWSE
2025-11-25,2485,兆赫,listed,2597,1994,10731,603,103,60,722,43,24,TWSE
2025-11-25,2486,一詮,listed,3014,759,27801,2255,250,80,1210,170,18,TWSE
2025-11-25,2488,漢平,listed,2,1,953,1,0,0,0,0,0,TWSE
2025-11-25,2489,瑞軒,listed,28,303,12443,-283,0,0,4,0,0,TWSE
2025-11-25,2491,吉祥全,listed,568,7,599,561,0,0,0,0,0,TWSE
2025-11-25,2492,華新科,listed,371,459,12560,-90,28,134,453,-106,4,TWSE
2025-11-25,2493,揚博,listed,13,41,5588,-32,0,2,2,-2,0,TWSE
2025-11-25,2495,普安,listed,553,469,8725,84,113,46,291,67,3,TWSE
2025-11-25,2496,卓越,listed,0,0,188,0,0,0,0,0,0,TWSE
2025-11-25,2497,怡利電,listed,2,3,2265,-6,1,0,1,1,0,TWSE
2025-11-25,2498,宏達電,listed,238,485,36290,-250,69,27,5306,42,5,TWSE
2025-11-25,2501,國建,listed,12,59,6910,-49,0,0,41,0,0,TWSE
2025-11-25,2504,國產,listed,165,29,3865,136,5,0,6,5,0,TWSE
2025-11-25,2505,國揚,listed,61,9,3234,52,0,0,0,0,0,TWSE
2025-11-25,2506,太設,listed,0,7,1898,-7,0,0,0,0,0,TWSE
2025-11-25,2509,全坤建,listed,14,1,691,11,0,0,1,0,0,TWSE
2025-11-25,2511,太子,listed,59,1065,4490,-1048,11,23,97,-12,0,TWSE
2025-11-25,2514,龍邦,listed,308,315,16458,-11,0,0,0,0,0,TWSE
2025-11-25,2515,中工,listed,1912,1752,28897,158,94,49,291,44,1,TWSE
2025-11-25,2516,新建,listed,0,0,0,0,0,0,0,0,0,TWSE
2025-11-25,2520,冠德,listed,88,12,5815,75,1,5,96,-5,0,TWSE
2025-11-25,2524,京城,listed,3,5,3549,-2,2,0,28,2,0,TWSE
2025-11-25,2527,宏璟,listed,239,18,771,221,0,0,1,0,1,TWSE
2025-11-25,2528,皇普,listed,40,7,3768,33,0,0,25,0,0,TWSE
2025-11-25,2530,華建,listed,2,5,3067,-3,0,0,2,0,0,TWSE
2025-11-25,2534,宏盛,listed,24,6,9540,18,0,0,20,0,0,TWSE
2025-11-25,2535,達欣工,listed,1,0,119,1,0,0,1,0,0,TWSE
2025-11-25,2536,宏普,listed,12,13,5764,-7,0,0,1,0,0,TWSE
2025-11-25,2537,聯上發,listed,10,18,4957,-8,0,0,3,0,0,TWSE
2025-11-25,2538,基泰,listed,1,66,3813,-65,3,0,10,3,0,TWSE
2025-11-25,2539,櫻花建,listed,7,0,3040,7,2,0,25,2,0,TWSE
2025-11-25,2540,愛山林,listed,50,45,3306,5,6,57,139,-51,0,TWSE
2025-11-25,2542,興富發,listed,6,4,10776,-1,2,15,114,-13,0,TWSE
2025-11-25,2543,皇昌,listed,120,108,17739,12,14,19,271,-5,0,TWSE
2025-11-25,2545,皇翔,listed,2,13,2449,-11,0,0,3,0,0,TWSE
2025-11-25,2546,根基,listed,0,3,93,-3,0,0,0,0,0,TWSE
2025-11-25,2547,日勝生,listed,54,5,26710,49,0,0,50,0,1,TWSE
2025-11-25,2548,華固,listed,6,4,1691,1,0,0,38,0,0,TWSE
2025-11-25,2597,潤弘,listed,5,4,201,1,0,0,2,0,0,TWSE
2025-11-25,2601,益航,listed,0,0,4294,0,0,0,2,0,0,TWSE
2025-11-25,2603,長榮,listed,103,201,21609,-123,5,7,499,-2,0,TWSE
2025-11-25,2605,新興,listed,541,747,10270,-216,18,3,96,15,12,TWSE
2025-11-25,2606,裕民,listed,1585,981,7440,602,57,4,124,53,2,TWSE
2025-11-25,2607,榮運,listed,0,11,1396,-11,0,0,116,0,0,TWSE
2025-11-25,2608,嘉里大榮,listed,0,0,922,0,0,2,7,-2,0,TWSE
2025-11-25,2609,陽明,listed,565,281,38744,275,6,38,2058,-32,2,TWSE
2025-11-25,2610,華航,listed,315,348,52956,-33,2,0,500,2,0,TWSE
2025-11-25,2611,志信,listed,3,46,2849,-43,2,0,6,2,0,TWSE
2025-11-25,2612,中航,listed,333,234,1932,99,17,13,24,4,1,TWSE
2025-11-25,2613,中櫃,listed,31,18,2742,13,0,0,2,0,0,TWSE
2025-11-25,2614,東森,listed,474,297,7005,152,3,0,43,3,0,TWSE
2025-11-25,2615,萬海,listed,867,318,23517,548,20,134,9103,-204,9,TWSE
2025-11-25,2616,山隆,listed,0,2,156,-2,0,0,0,0,0,TWSE
2025-11-25,2617,台航,listed,201,19,2003,181,2,0,3,2,5,TWSE
2025-11-25,2618,長榮航,listed,320,1024,44233,-750,41,12,474,29,0,TWSE
2025-11-25,2630,亞航,listed,456,574,5821,-118,11,2,167,9,28,TWSE
2025-11-25,2633,台灣高鐵,listed,83,3,1937,80,1,0,4,1,0,TWSE
2025-11-25,2634,漢翔,listed,912,737,23590,174,93,47,577,46,65,TWSE
2025-11-25,2636,台驊控股,listed,7,2,1091,2,1,0,4,1,0,TWSE
2025-11-25,2637,慧洋-KY,listed,967,842,9217,125,9,4,201,5,9,TWSE
2025-11-25,2642,宅配通,listed,3,0,519,3,0,0,1,0,0,TWSE
2025-11-25,2645,長榮航太,listed,1272,425,5036,847,7,11,156,-4,8,TWSE
2025-11-25,2646,星宇航空,listed,40,2,2494,38,1,0,34,1,0,TWSE
2025-11-25,2701,萬企,listed,1,0,1123,1,0,0,1,0,0,TWSE
2025-11-25,2702,華園,listed,4,3,496,1,0,0,0,0,0,TWSE
2025-11-25,2704,國賓,listed,5,1,263,4,0,0,0,0,0,TWSE
2025-11-25,2705,六福,listed,6,0,622,6,0,0,0,0,0,TWSE
2025-11-25,2706,第一店,listed,2,0,726,2,0,0,0,0,0,TWSE
2025-11-25,2707,晶華,listed,2,2,283,0,0,0,0,0,0,TWSE
2025-11-25,2712,遠雄來,listed,0,0,10,0,0,0,0,0,0,TWSE
2025-11-25,2722,夏都,listed,0,1,494,-2,0,2,1,-2,0,TWSE
2025-11-25,2723,美食-KY,listed,24,41,2705,-17,1,1,1,0,0,TWSE
2025-11-25,2727,王品,listed,14,0,774,14,0,0,6,0,0,TWSE
2025-11-25,2731,雄獅,listed,73,32,1540,41,0,1,100,-1,0,TWSE
2025-11-25,2739,寒舍,listed,7,3,1173,4,0,0,1,0,0,TWSE
2025-11-25,2748,雲品,listed,11,11,1342,0,0,0,1,0,0,TWSE
2025-11-25,2753,八方雲集,listed,26,279,979,-253,0,0,8,0,0,TWSE
2025-11-25,2762,世界健身-KY,listed,2,0,169,2,0,0,0,0,0,TWSE
2025-11-25,2801,彰銀,listed,26,221,8672,-196,0,0,37,0,0,TWSE
2025-11-25,2812,台中銀,listed,34,2,3207,32,0,0,85,0,0,TWSE
2025-11-25,2816,旺旺保,listed,1,21,400,-20,0,0,0,0,0,TWSE
2025-11-25,2820,華票,listed,0,0,203,0,0,0,0,0,0,TWSE
2025-11-25,2832,台產,listed,24,11,554,13,0,0,0,0,0,TWSE
2025-11-25,2834,臺企銀,listed,134,5,5066,129,0,0,7,0,0,TWSE
2025-11-25,2836,高雄銀,listed,94,4,5113,90,0,0,0,0,0,TWSE
2025-11-25,2838,聯邦銀,listed,0,2,318,-2,0,0,12,0,0,TWSE
2025-11-25,2845,遠東銀,listed,234,48,11704,185,0,0,35,0,0,TWSE
2025-11-25,2849,安泰銀,listed,0,0,120,0,0,0,0,0,0,TWSE
2025-11-25,2850,新產,listed,19,0,93,19,0,0,2,0,0,TWSE
2025-11-25,2851,中再保,listed,22,123,715,-101,0,0,0,0,0,TWSE
2025-11-25,2852,第一保,listed,50,214,384,-164,0,0,2,0,0,TWSE
2025-11-25,2855,統一證,listed,102,41,3435,61,2,0,128,2,0,TWSE
2025-11-25,2867,三商壽,listed,0,0,0,0,0,0,0,0,0,TWSE
2025-11-25,2880,華南金,listed,36,12,490,24,0,8,54,-10,0,TWSE
2025-11-25,2881,富邦金,listed,465,1500,7136,-1035,2071,29,5537,2042,1,TWSE
2025-11-25,2882,國泰金,listed,111,343,6193,-232,4,11,571,-7,0,TWSE
2025-11-25,2883,凱基金,listed,81,3378,25994,-3297,1,0,49,1,0,TWSE
2025-11-25,2884,玉山金,listed,907,2026,12920,-1120,1,15,112,-14,0,TWSE
2025-11-25,2885,元大金,listed,248,9,788,239,0,1,6,-1,0,TWSE
2025-11-25,2886,兆豐金,listed,122,1,1400,121,1,0,41,-5,0,TWSE
2025-11-25,2887,台新新光金,listed,306,291,85309,15,7,3,1220,4,0,TWSE
2025-11-25,2889,國票金,listed,157,39,1424,118,0,66,12,-66,0,TWSE
2025-11-25,2890,永豐金,listed,114,210,2636,-96,2,3,53,-1,0,TWSE
2025-11-25,2891,中信金,listed,171,137,4478,34,1,16,179,-15,0,TWSE
2025-11-25,2892,第一金,listed,308,5,2736,303,0,0,12,0,0,TWSE
2025-11-25,2897,王道銀行,listed,6,9,2961,-3,0,1,2,-1,0,TWSE
2025-11-25,2901,欣欣,listed,0,0,606,0,0,0,0,0,0,TWSE
2025-11-25,2903,遠百,listed,61,195,5476,-134,1,0,25,1,0,TWSE
2025-11-25,2904,匯僑,listed,0,0,25,0,0,0,0,0,0,TWSE
2025-11-25,2905,三商,listed,35,81,9575,-46,43,0,99,43,0,TWSE
2025-11-25,2906,高林,listed,0,2,743,-2,0,0,0,0,0,TWSE
2025-11-25,2908,特力,listed,264,208,10688,56,0,0,0,0,0,TWSE
2025-11-25,2910,統領,listed,0,0,29,0,0,0,0,0,0,TWSE
2025-11-25,2911,麗嬰房,listed,0,0,0,0,0,0,0,0,0,TWSE
2025-11-25,2912,統一超,listed,5,14,422,-9,1,0,14,1,0,TWSE
2025-11-25,2913,農林,listed,14,119,8127,-105,0,0,27,0,0,TWSE
2025-11-25,2915,潤泰全,listed,377,58,9586,319,0,0,13,0,0,TWSE
2025-11-25,2929,淘帝-KY,listed,0,0,1048,0,0,0,0,0,0,TWSE
2025-11-25,2939,永邑-KY,listed,0,0,438,0,0,0,0,0,0,TWSE
2025-11-25,3002,歐格,listed,83,144,2354,-61,6,4,62,2,1,TWSE
2025-11-25,3003,健和興,listed,5,1,4054,4,0,2,18,-2,0,TWSE
2025-11-25,3004,豐達科,listed,8,3,1951,4,0,0,4,0,1,TWSE
2025-11-25,3005,神基,listed,48,19,2065,26,1,0,454,1,0,TWSE
2025-11-25,3006,晶豪科,listed,249,184,10521,38,122,224,1276,-102,2,TWSE
2025-11-25,3008,大立光,listed,8,7,770,1,0,1,8,-1,0,TWSE
2025-11-25,3010,華立,listed,198,89,1451,109,2,0,10,2,0,TWSE
2025-11-25,3011,今皓,listed,1,11,2862,-11,1,0,33,1,0,TWSE
2025-11-25,3013,晟銘電,listed,314,184,15328,129,41,10,475,31,1,TWSE
2025-11-25,3014,聯陽,listed,12,6,2162,6,0,1,13,-1,0,TWSE
2025-11-25,3015,全漢,listed,1,9,2042,-8,1,1,39,0,0,TWSE
2025-11-25,3016,嘉晶,listed,67,55,3862,12,14,11,693,3,1,TWSE
2025-11-25,3017,奇鋐,listed,1465,588,7415,875,37,9,311,28,8,TWSE
2025-11-25,3018,隆銘綠能,listed,0,0,6,0,0,0,0,0,0,TWSE
2025-11-25,3019,亞光,listed,92,215,12444,-123,0,8,117,-8,0,TWSE
2025-11-25,3021,鴻名,listed,0,5,796,-5,0,0,0,0,0,TWSE
2025-11-25,3022,威強電,listed,2,7,4852,-8,0,0,54,0,0,TWSE
2025-11-25,3023,信邦,listed,12,6,2675,6,0,0,57,0,0,TWSE
2025-11-25,3024,憶聲,listed,15,151,12283,-136,0,0,56,0,0,TWSE
2025-11-25,3025,星通,listed,16,95,2691,-79,7,0,35,7,0,TWSE
2025-11-25,3026,禾伸堂,listed,230,526,3498,-296,6,8,37,-4,2,TWSE
2025-11-25,3027,盛達,listed,4,10,4664,-7,0,1,38,-1,0,TWSE
2025-11-25,3028,增你強,listed,33,249,2843,-216,1,0,3,1,0,TWSE
2025-11-25,3029,零壹,listed,13,24,3550,-11,7,2,40,5,0,TWSE
2025-11-25,3030,德律,listed,225,84,4478,140,26,10,153,16,2,TWSE
2025-11-25,3031,佰鴻,listed,4,5,2431,-1,0,4,3,-4,0,TWSE
2025-11-25,3032,偉訓,listed,128,421,7259,-297,4,11,72,-7,1,TWSE
2025-11-25,3033,威健,listed,29,61,4712,-159,0,0,124,0,0,TWSE
2025-11-25,3034,聯詠,listed,54,19,3549,28,4,1,45,3,0,TWSE
2025-11-25,3035,智原,listed,490,202,15606,281,42,3,593,39,4,TWSE
2025-11-25,3036,文曄,listed,46,73,2533,-29,1,8,35,-7,2,TWSE
2025-11-25,3037,欣興,listed,3715,2300,28319,1412,763,81,1042,682,15,TWSE
2025-11-25,3038,全台,listed,1,0,1286,1,0,0,0,0,0,TWSE
2025-11-25,3040,遠見,listed,31,12,13480,-3,0,11,81,-11,0,TWSE
2025-11-25,3041,揚智,listed,24,17,2777,7,6,9,37,-3,2,TWSE
2025-11-25,3042,晶技,listed,22,47,3694,-25,5,6,21,-1,0,TWSE
2025-11-25,3043,科風,listed,9,9,1221,0,0,5,1,-5,0,TWSE
2025-11-25,3044,健鼎,listed,210,97,5981,113,0,4,97,-4,0,TWSE
2025-11-25,3045,台灣大,listed,144,373,2306,-279,0,2,40,-2,0,TWSE
2025-11-25,3046,建碁,listed,10,7,1154,3,5,0,5,5,0,TWSE
2025-11-25,3047,訊舟,listed,43,38,9673,-4,36,5,121,31,0,TWSE
2025-11-25,3048,益登,listed,227,943,6317,-716,29,9,196,20,18,TWSE
2025-11-25,3049,精金,listed,0,30,2026,-30,0,0,0,0,0,TWSE
2025-11-25,3050,鈺德,listed,1,18,3737,-22,0,0,7,0,0,TWSE
2025-11-25,3051,力特,listed,4,24,2143,-30,0,0,33,0,0,TWSE
2025-11-25,3052,夆典,listed,10,0,1824,10,0,0,2,0,0,TWSE
2025-11-25,3054,立萬利,listed,0,0,2,0,0,0,0,0,0,TWSE
2025-11-25,3055,蔚華科,listed,13,7,6138,6,5,2,62,3,0,TWSE
2025-11-25,3056,富華新,listed,8,48,5818,-41,8,7,117,1,0,TWSE
2025-11-25,3057,喬鼎,listed,0,0,0,0,0,0,0,0,0,TWSE
2025-11-25,3058,立德,listed,0,0,1895,0,0,0,0,0,0,TWSE
2025-11-25,3059,華晶科,listed,140,190,11870,-50,5,3,32,2,11,TWSE
2025-11-25,3060,銘異,listed,1088,926,6816,161,56,13,252,43,16,TWSE
2025-11-25,3062,建漢,listed,210,155,13076,55,1,8,78,-7,1,TWSE
2025-11-25,3090,日電貿,listed,116,214,5638,-98,8,4,50,4,0,TWSE
2025-11-25,3092,鴻碩,listed,16,10,1421,6,0,0,24,0,0,TWSE
2025-11-25,3094,聯傑,listed,0,13,1521,-13,0,0,0,0,0,TWSE
2025-11-25,3130,一零四,listed,0,0,13,0,0,0,0,0,0,TWSE
2025-11-25,3138,耀登,listed,2,0,1066,2,0,0,1,0,0,TWSE
2025-11-25,3149,正達,listed,20,70,20909,-55,12,25,162,-13,0,TWSE
2025-11-25,3150,鈺寶-創,listed,0,0,125,0,0,0,0,0,0,TWSE
2025-11-25,3164,景岳,listed,0,0,237,0,0,0,0,0,0,TWSE
2025-11-25,3167,大量,listed,596,1077,6803,-491,45,93,601,-48,12,TWSE
2025-11-25,3168,眾福科,listed,0,0,36,0,0,0,0,0,0,TWSE
2025-11-25,3189,景碩,listed,862,715,10042,146,172,52,850,120,5,TWSE
2025-11-25,3209,全科,listed,7,34,2040,-27,0,0,9,0,1,TWSE
2025-11-25,3229,晟鈦,listed,0,0,0,0,0,0,0,0,0,TWSE
2025-11-25,3231,緯創,listed,1622,1777,54535,-267,36,26,1748,10,14,TWSE
2025-11-25,3257,虹冠電,listed,12,34,2862,-25,0,2,52,-2,0,TWSE
2025-11-25,3266,昇陽,listed,0,16,664,-16,0,0,0,0,0,TWSE
2025-11-25,3296,勝德,listed,6,0,2309,6,0,0,0,0,0,TWSE
2025-11-25,3305,昇貿,listed,159,173,9471,-15,4,38,237,-35,3,TWSE
2025-11-25,3308,聯德,listed,2,1,581,-4,0,0,0,0,0,TWSE
2025-11-25,3311,閎暉,listed,4,7,4750,-4,0,0,23,0,0,TWSE
2025-11-25,3312,弘憶股,listed,12,41,6082,-36,0,0,14,0,0,TWSE
2025-11-25,3321,同泰,listed,0,0,0,0,0,0,0,0,0,TWSE
2025-11-25,3338,泰碩,listed,1,10,3122,-16,0,1,20,-1,0,TWSE
2025-11-25,3346,麗清,listed,2,2,2100,0,0,0,11,0,0,TWSE
2025-11-25,3356,奇偶,listed,11,19,2751,-8,0,1,8,-1,0,TWSE
2025-11-25,3376,新日興,listed,59,132,8661,-74,13,14,129,-1,1,TWSE
2025-11-25,3380,明泰,listed,61,29,5189,31,9,279,55,-270,1,TWSE
2025-11-25,3406,玉晶光,listed,66,37,3244,27,3,13,108,-10,1,TWSE
2025-11-25,3413,京鼎,listed,195,53,3381,140,0,1,15,-1,0,TWSE
2025-11-25,3416,融程電,listed,18,19,1350,-1,0,0,25,0,0,TWSE
2025-11-25,3419,譁裕,listed,0,0,3429,0,0,0,0,0,0,TWSE
2025-11-25,3432,台端,listed,0,0,0,0,0,0,0,0,0,TWSE
2025-11-25,3437,榮創,listed,14,21,2228,-7,0,1,28,-1,0,TWSE
2025-11-25,3443,創意,listed,1192,464,5653,728,127,12,390,115,4,TWSE
2025-11-25,3447,展達,listed,61,32,3649,28,1,2,23,-1,0,TWSE
2025-11-25,3450,聯鈞,listed,1226,1264,17687,-40,366,31,551,335,15,TWSE
2025-11-25,3454,晶睿,listed,11,11,856,0,2,0,22,2,0,TWSE
2025-11-25,3481,群創,listed,539,1438,158962,-962,20,44,918,-24,1,TWSE
2025-11-25,3494,誠研,listed,0,0,0,0,0,0,0,0,0,TWSE
2025-11-25,3501,維熹,listed,0,2,447,-2,0,0,0,0,0,TWSE
2025-11-25,3504,揚明光,listed,3,3,2178,0,0,1,138,-1,0,TWSE
2025-11-25,3515,華擎,listed,91,95,1211,-6,1,8,30,-7,3,TWSE
2025-11-25,3518,柏騰,listed,7,3,3773,4,0,0,44,0,0,TWSE
2025-11-25,3528,安馳,listed,1,5,2177,-4,0,1,16,-1,0,TWSE
2025-11-25,3530,晶相光,listed,2,5,1018,-3,0,0,0,0,1,TWSE
2025-11-25,3532,台勝科,listed,148,47,3370,100,19,7,61,12,0,TWSE
2025-11-25,3533,嘉澤,listed,22,26,1074,-4,2,2,11,0,0,TWSE
2025-11-25,3535,晶彩科,listed,94,143,9666,-49,142,44,1816,98,0,TWSE
2025-11-25,3543,州巧,listed,64,96,4354,-32,28,49,819,-21,1,TWSE
2025-11-25,3545,敦泰,listed,47,38,4745,6,6,15,219,-9,0,TWSE
2025-11-25,3550,聯穎,listed,3,15,9659,-12,0,10,201,-10,0,TWSE
2025-11-25,3557,嘉威,listed,1,6,556,-5,0,0,7,0,0,TWSE
2025-11-25,3563,牧德,listed,73,72,5085,1,2,9,31,-7,0,TWSE
2025-11-25,3576,聯合再生,listed,0,0,0,0,0,0,0,0,0,TWSE
2025-11-25,3583,辛耘,listed,12,21,2594,-9,0,3,4,-3,0,TWSE
2025-11-25,3588,通嘉,listed,19,13,1462,5,0,0,3,0,0,TWSE
2025-11-25,3591,艾笛森,listed,57,60,21908,-5,0,0,8,0,0,TWSE
2025-11-25,3592,瑞鼎,listed,1,2,666,-1,2,0,26,2,0,TWSE
2025-11-25,3593,力銘,listed,0,0,0,0,0,0,0,0,0,TWSE
2025-11-25,3596,智易,listed,4,9,820,-6,0,0,12,0,0,TWSE
2025-11-25,3605,宏致,listed,77,71,7280,4,0,2,58,-2,1,TWSE
2025-11-25,3607,谷崧,listed,23,52,2740,-31,1,0,21,1,0,TWSE
2025-11-25,3617,碩天,listed,15,11,1619,4,1,1,12,0,1,TWSE
2025-11-25,3622,洋華,listed,47,71,1884,-24,3,1,48,2,0,TWSE
2025-11-25,3645,達邁,listed,45,238,9006,-197,4,0,124,4,0,TWSE
2025-11-25,3652,精聯,listed,6,1,1175,3,0,0,0,0,0,TWSE
2025-11-25,3653,健策,listed,165,138,2571,27,20,5,229,8,1,TWSE
2025-11-25,3661,世芯-KY,listed,109,40,5348,60,1,11,43,-10,5,TWSE
2025-11-25,3665,貿聯-KY,listed,748,467,3502,281,20,70,236,-50,11,TWSE
2025-11-25,3669,圓展,listed,0,3,867,-3,0,0,0,0,0,TWSE
2025-11-25,3673,TPK-KY,listed,107,119,9495,-14,0,2,41,-2,2,TWSE
2025-11-25,3679,新至陞,listed,0,2,169,-2,0,0,0,0,0,TWSE
2025-11-25,3686,達能,listed,0,0,0,0,0,0,0,0,0,TWSE
2025-11-25,3694,海華,listed,85,91,6081,-6,4,2,38,2,0,TWSE
2025-11-25,3701,大眾控,listed,12,29,2572,-24,0,0,0,0,0,TWSE
2025-11-25,3702,大聯大,listed,112,324,3976,-215,14,67,107,-53,9,TWSE
2025-11-25,3703,欣陸,listed,21,12,1407,9,0,0,0,0,0,TWSE
2025-11-25,3704,合勤控,listed,79,194,8402,-115,16,77,214,-61,0,TWSE
2025-11-25,3705,永信,listed,0,0,686,0,0,0,3,0,0,TWSE
2025-11-25,3706,神達,listed,941,1026,42460,-95,178,572,1307,-394,20,TWSE
2025-11-25,3708,上緯投控,listed,102,185,8152,-107,12,18,169,-6,0,TWSE
2025-11-25,3711,日月光投控,listed,547,168,6594,367,20,14,477,6,3,TWSE
2025-11-25,3712,永崴投控,listed,4,33,4961,-40,2,126,128,-124,1,TWSE
2025-11-25,3714,富采,listed,68,51,14240,16,11,2,97,9,0,TWSE
2025-11-25,3715,定穎投控,listed,7121,2830,33140,4287,615,92,2778,510,56,TWSE
2025-11-25,3716,中化控股,listed,1,1,840,0,0,0,0,0,0,TWSE
2025-11-25,3717,聯嘉投控,listed,52,15,6669,37,0,1,7,-1,0,TWSE
2025-11-25,4104,佳醫,listed,0,0,77,0,0,0,0,0,0,TWSE
2025-11-25,4106,雃博,listed,0,0,485,0,0,0,0,0,0,TWSE
2025-11-25,4108,懷特,listed,0,0,0,0,0,0,0,0,0,TWSE
2025-11-25,4119,旭富,listed,2,6,487,-6,0,0,6,0,0,TWSE
2025-11-25,4133,亞諾法,listed,0,0,787,0,0,0,0,0,0,TWSE
2025-11-25,4137,麗豐-KY,listed,2,7,1168,-5,0,0,0,0,0,TWSE
2025-11-25,4142,國光生,listed,62,145,6405,-103,0,1,99,-1,0,TWSE
2025-11-25,4148,全宇生技-KY,listed,1,4,620,-3,0,0,0,0,0,TWSE
2025-11-25,4155,訊映,listed,7,1,639,5,0,0,0,0,0,TWSE
2025-11-25,4164,承業醫,listed,23,58,6787,-35,0,4,31,-4,0,TWSE
2025-11-25,4190,佐登-KY,listed,2,14,471,-12,0,0,0,0,0,TWSE
2025-11-25,4306,炎洲,listed,100,16,4355,82,0,0,1,-2,0,TWSE
2025-11-25,4414,如興,listed,5,5,232,0,0,0,45,0,0,TWSE
2025-11-25,4426,利勤,listed,2,5,1027,-8,0,0,0,0,0,TWSE
2025-11-25,4438,廣越,listed,6,5,637,1,0,0,36,0,0,TWSE
2025-11-25,4439,冠星-KY,listed,3,0,440,3,0,4,19,-4,0,TWSE
2025-11-25,4440,宜新實業,listed,0,2,414,-2,0,0,0,0,0,TWSE
2025-11-25,4526,東台,listed,21,28,8187,-7,8,9,434,-1,0,TWSE
2025-11-25,4532,瑞智,listed,17,32,4663,-15,0,0,6,0,0,TWSE
2025-11-25,4536,拓凱,listed,2,3,506,-1,0,0,6,0,0,TWSE
2025-11-25,4540,全球傳動,listed,4,48,4306,-44,2,0,77,2,0,TWSE
2025-11-25,4545,銘鈺,listed,1,3,1294,-2,0,0,0,0,0,TWSE
2025-11-25,4551,智伸科,listed,16,15,2249,1,0,0,8,0,0,TWSE
2025-11-25,4552,力達-KY,listed,16,43,850,-27,0,0,3,0,0,TWSE
2025-11-25,4555,氣立,listed,3,17,3031,-14,0,0,275,-1,0,TWSE
2025-11-25,4557,永新-KY,listed,49,16,563,33,0,0,0,0,0,TWSE
2025-11-25,4560,強信-KY,listed,0,10,168,-10,0,0,0,0,0,TWSE
2025-11-25,4562,穎漢,listed,10,3,3038,7,0,0,190,0,0,TWSE
2025-11-25,4564,元翎,listed,58,118,7893,-195,5,0,55,5,0,TWSE
2025-11-25,4566,時碩工業,listed,20,4,5780,16,0,0,3,0,0,TWSE
2025-11-25,4569,六方科-KY,listed,3,0,813,3,0,0,1,0,0,TWSE
2025-11-25,4571,鈞興-KY,listed,43,13,1848,30,0,0,3,0,0,TWSE
2025-11-25,4572,駐龍,listed,0,2,289,-2,0,2,4,-2,0,TWSE
2025-11-25,4576,大銀微系統,listed,12,33,3324,-21,0,4,57,-4,0,TWSE
2025-11-25,4581,光隆精密-KY,listed,2,2,60,0,0,0,0,0,0,TWSE
2025-11-25,4583,台灣精銳,listed,2,18,1786,-22,0,1,101,-1,0,TWSE
2025-11-25,4588,玖鼎電力,listed,1,0,268,1,0,0,0,0,0,TWSE
2025-11-25,4720,德淵,listed,2,0,1719,2,0,0,0,0,0,TWSE
2025-11-25,4722,國精化,listed,185,101,16969,84,46,83,661,-37,2,TWSE
2025-11-25,4736,泰博,listed,1,10,318,-9,0,0,0,0,0,TWSE
2025-11-25,4737,華廣,listed,3,4,585,-1,0,0,0,0,0,TWSE
2025-11-25,4739,康普,listed,39,123,1166,-84,0,0,21,0,0,TWSE
2025-11-25,4746,台耀,listed,12,31,2092,-19,1,0,14,1,0,TWSE
2025-11-25,4755,三福化,listed,1,0,321,1,0,0,0,0,0,TWSE
2025-11-25,4763,材料*-KY,listed,426,317,43055,105,23,8,880,15,0,TWSE
2025-11-25,4764,雙鍵,listed,54,31,748,23,7,0,15,7,0,TWSE
2025-11-25,4766,南寶,listed,7,0,1310,7,0,0,3,0,0,TWSE
2025-11-25,4770,上品,listed,8,0,785,8,0,0,19,0,0,TWSE
2025-11-25,4771,望隼,listed,1,13,603,-12,0,0,0,0,0,TWSE
2025-11-25,4807,日成-KY,listed,3,2,513,1,0,0,57,0,0,TWSE
2025-11-25,4904,遠傳,listed,114,2,201,112,0,3,64,-3,0,TWSE
2025-11-25,4906,正文,listed,37,66,13088,-29,0,0,118,0,0,TWSE
2025-11-25,4912,聯德控股-KY,listed,15,42,3240,-27,0,0,0,0,1,TWSE
2025-11-25,4915,致伸,listed,19,51,2053,-32,0,0,13,0,0,TWSE
2025-11-25,4916,事欣科,listed,200,162,9438,38,6,0,217,6,1,TWSE
2025-11-25,4919,新唐,listed,4,48,5889,-57,9,13,75,-4,2,TWSE
2025-11-25,4927,泰鼎-KY,listed,102,186,28035,-88,28,0,172,28,0,TWSE
2025-11-25,4930,燦星網,listed,1,0,3285,1,0,0,0,0,0,TWSE
2025-11-25,4934,太極,listed,0,0,0,0,0,0,0,0,0,TWSE
2025-11-25,4935,茂林-KY,listed,0,0,665,0,0,0,1,0,0,TWSE
2025-11-25,4938,和碩,listed,284,29,5185,253,16,12,35,4,0,TWSE
2025-11-25,4942,嘉彰,listed,2,8,1088,-6,0,0,0,0,0,TWSE
2025-11-25,4943,康控-KY,listed,0,0,0,0,0,0,0,0,0,TWSE
2025-11-25,4949,有成精密,listed,24,37,3295,-14,4,0,79,4,0,TWSE
2025-11-25,4952,凌通,listed,20,8,1550,9,1,0,2,1,0,TWSE
2025-11-25,4956,光鋐,listed,12,8,5624,-31,0,0,34,0,0,TWSE
2025-11-25,4958,臻鼎-KY,listed,529,122,11540,406,16,485,483,-469,1,TWSE
2025-11-25,4960,誠美材,listed,0,38,12615,-70,0,10,22,-10,0,TWSE
2025-11-25,4961,天鈺,listed,21,4,1688,17,0,1,17,-4,0,TWSE
2025-11-25,4967,十銓,listed,342,363,5862,-22,210,47,1015,161,15,TWSE
2025-11-25,4968,立積,listed,29,96,6308,-67,9,6,97,3,0,TWSE
2025-11-25,4976,佳凌,listed,50,17,4203,30,17,6,83,11,1,TWSE
2025-11-25,4977,眾達-KY,listed,263,183,8227,80,42,6,221,36,6,TWSE
2025-11-25,4989,榮科,listed,1337,863,13309,474,230,106,9382,119,14,TWSE
2025-11-25,4994,傳奇,listed,6,1,1687,3,0,0,0,0,0,TWSE
2025-11-25,4999,鑫禾,listed,0,1,452,-1,0,0,0,0,0,TWSE
2025-11-25,5007,三星,listed,0,0,21,0,0,0,0,0,0,TWSE
2025-11-25,5203,訊連,listed,6,9,1987,-3,0,0,0,0,0,TWSE
2025-11-25,5215,科嘉-KY,listed,2,1,818,1,0,0,0,0,0,TWSE
2025-11-25,5222,全訊,listed,12,22,1649,-11,1,0,30,1,0,TWSE
2025-11-25,5225,東科-KY,listed,46,85,1971,-40,0,2,44,-2,0,TWSE
2025-11-25,5234,達興材料,listed,18,11,2019,7,0,8,181,-8,0,TWSE
2025-11-25,5243,乙盛-KY,listed,595,607,13934,-12,15,21,125,-6,1,TWSE
2025-11-25,5244,弘凱,listed,20,26,2819,-6,1,0,134,1,0,TWSE
2025-11-25,5258,虹堡,listed,16,3,5264,12,0,0,17,0,0,TWSE
2025-11-25,5269,祥碩,listed,60,64,1884,-6,2,1,10,1,0,TWSE
2025-11-25,5283,禾聯碩,listed,1,1,120,0,0,0,0,0,0,TWSE
2025-11-25,5284,jpp-KY,listed,145,168,4743,-24,22,38,213,-16,2,TWSE
2025-11-25,5285,界霖,listed,38,12,2120,26,0,0,0,0,0,TWSE
2025-11-25,5288,豐祥-KY,listed,1,3,949,-2,0,0,0,-1,0,TWSE
2025-11-25,5292,華懋,listed,0,1,304,-1,0,0,0,0,0,TWSE
2025-11-25,5306,桂盟,listed,0,1,423,-1,0,0,0,0,0,TWSE
2025-11-25,5388,中磊,listed,18,10,2946,6,0,1,80,-1,0,TWSE
2025-11-25,5434,崇越,listed,14,2,731,12,0,0,6,0,0,TWSE
2025-11-25,5469,瀚宇博,listed,2743,1446,26326,1275,110,38,625,72,20,TWSE
2025-11-25,5471,松翰,listed,0,1,2345,-1,0,0,2,0,0,TWSE
2025-11-25,5484,慧友,listed,0,0,0,0,0,0,0,0,0,TWSE
2025-11-25,5515,建國,listed,43,26,1376,17,9,1,15,8,0,TWSE
2025-11-25,5519,隆大,listed,6,42,1591,-36,26,0,44,26,0,TWSE
2025-11-25,5521,工信,listed,513,196,7976,317,37,11,975,26,1,TWSE
2025-11-25,5522,遠雄,listed,17,1,1824,16,0,2,1,-2,0,TWSE
2025-11-25,5525,順天,listed,0,2,312,-2,0,0,0,0,0,TWSE
2025-11-25,5531,鄉林,listed,0,11,4479,-12,0,0,0,0,0,TWSE
2025-11-25,5533,皇鼎,listed,0,0,896,0,0,0,0,0,0,TWSE
2025-11-25,5534,長虹,listed,6,3,3287,-4,0,0,17,0,0,TWSE
2025-11-25,5538,東明-KY,listed,0,0,68,0,0,0,0,0,0,TWSE
2025-11-25,5546,永固-KY,listed,0,0,21,0,0,0,0,0,0,TWSE
2025-11-25,5607,遠雄港,listed,11,0,1551,10,0,0,6,0,0,TWSE
2025-11-25,5608,四維航,listed,161,503,6273,-353,8,1,491,7,10,TWSE
2025-11-25,5706,鳳凰,listed,8,0,1000,8,0,0,0,0,0,TWSE
2025-11-25,5871,中租-KY,listed,97,262,6934,-166,7,3,25,4,0,TWSE
2025-11-25,5876,上海商銀,listed,211,3,1225,208,0,0,39,0,0,TWSE
2025-11-25,5880,合庫金,listed,178,1,1090,177,0,20,6,-20,0,TWSE
2025-11-25,5906,台南-KY,listed,0,0,286,0,0,0,0,0,0,TWSE
2025-11-25,5907,大洋-KY,listed,50,15,2652,30,0,0,10,0,0,TWSE
2025-11-25,6005,群益證,listed,3,46,3361,-43,8,0,112,8,0,TWSE
2025-11-25,6024,群益期,listed,0,16,75,-16,0,0,1,0,0,TWSE
2025-11-25,6108,競國,listed,10,0,1833,9,0,0,18,0,0,TWSE
2025-11-25,6112,邁達特,listed,10,41,3706,-36,0,8,7,-8,0,TWSE
2025-11-25,6115,鎰勝,listed,0,0,32,0,0,0,0,0,0,TWSE
2025-11-25,6116,彩晶,listed,144,334,27944,-195,4,1,94,3,1,TWSE
2025-11-25,6117,迎廣,listed,377,93,4099,282,22,3,330,19,0,TWSE
2025-11-25,6120,達運,listed,58,37,6566,19,0,27,56,-27,0,TWSE
2025-11-25,6128,上福,listed,0,4,89,-4,0,0,0,0,0,TWSE
2025-11-25,6133,金橋,listed,5,8,2568,-3,0,2,0,-2,0,TWSE
2025-11-25,6136,富爾特,listed,0,0,3442,0,0,0,0,0,0,TWSE
2025-11-25,6139,亞翔,listed,239,333,7992,-95,21,8,153,13,2,TWSE
2025-11-25,6141,柏承,listed,0,0,867,0,0,0,0,0,0,TWSE
2025-11-25,6142,友勁,listed,0,0,0,0,0,0,0,0,0,TWSE
2025-11-25,6152,百一,listed,0,0,0,0,0,0,0,0,0,TWSE
2025-11-25,6153,嘉聯益,listed,154,132,14481,22,29,2,884,27,0,TWSE
2025-11-25,6155,鈞寶,listed,217,399,2592,-182,18,42,256,-24,141,TWSE
2025-11-25,6164,華興,listed,5,6,4573,-1,0,0,5,0,0,TWSE
2025-11-25,6165,浪凡,listed,364,313,16360,51,0,14,6,-14,1,TWSE
2025-11-25,6166,凌華,listed,8,18,3818,-10,11,156,324,-145,1,TWSE
2025-11-25,6168,宏齊,listed,0,8,2393,-8,3,0,33,3,0,TWSE
2025-11-25,6176,瑞儀,listed,14,6,1879,8,3,1,44,2,0,TWSE
2025-11-25,6177,達麗,listed,36,8,3374,28,0,0,414,0,0,TWSE
2025-11-25,6183,關貿,listed,0,0,22,0,0,0,0,0,0,TWSE
2025-11-25,6184,大豐電,listed,0,10,585,-10,0,0,4,0,0,TWSE
2025-11-25,6189,豐藝,listed,4,6,3211,-2,0,3,21,-3,0,TWSE
2025-11-25,6191,精成科,listed,2584,3303,22345,-734,387,86,1120,301,7,TWSE
2025-11-25,6192,巨路,listed,6,0,665,6,0,0,0,0,0,TWSE
2025-11-25,6196,帆宣,listed,77,85,1785,-8,3,6,81,-5,0,TWSE
2025-11-25,6197,佳必琪,listed,74,22,4351,52,0,1,14,-1,0,TWSE
2025-11-25,6201,亞弘電,listed,0,0,31,0,0,0,0,0,0,TWSE
2025-11-25,6202,盛群,listed,28,15,3860,13,0,0,49,0,2,TWSE
2025-11-25,6205,詮欣,listed,6,14,1783,-8,0,0,0,0,0,TWSE
2025-11-25,6206,飛捷,listed,20,20,3415,-3,0,5,8,-5,0,TWSE
2025-11-25,6209,今國光,listed,1792,2032,15697,-240,314,106,2355,202,107,TWSE
2025-11-25,6213,聯茂,listed,495,501,19774,-19,41,126,669,-85,1,TWSE
2025-11-25,6214,精誠,listed,21,5,4316,16,0,0,13,0,0,TWSE
2025-11-25,6215,和椿,listed,88,123,5302,-36,9,38,445,-29,0,TWSE
2025-11-25,6216,居易,listed,1,6,754,-5,0,0,10,0,0,TWSE
2025-11-25,6224,聚鼎,listed,1,4,825,-3,1,1,2,0,0,TWSE
2025-11-25,6225,天瀚,listed,0,0,0,0,0,0,0,0,0,TWSE
2025-11-25,6226,光鼎,listed,0,0,0,0,0,0,0,0,0,TWSE
2025-11-25,6230,尼得科超眾,listed,2,16,573,-16,1,0,1,1,0,TWSE
2025-11-25,6235,華孚,listed,37,23,6081,14,1,1,67,0,3,TWSE
2025-11-25,6239,力成,listed,155,166,6025,-11,0,3,63,-3,2,TWSE
2025-11-25,6243,迅杰,listed,5,4,1822,1,1,0,2,1,0,TWSE
2025-11-25,6257,矽格,listed,54,114,4118,-61,1,3,126,-2,1,TWSE
2025-11-25,6269,台郡,listed,81,141,4234,-85,8,168,203,-160,0,TWSE
2025-11-25,6271,同欣電,listed,75,91,4664,-18,10,0,59,10,1,TWSE
2025-11-25,6277,宏正,listed,2,2,327,0,0,0,0,0,0,TWSE
2025-11-25,6278,台表科,listed,18,39,3284,-21,3,12,56,-9,0,TWSE
2025-11-25,6281,全國電,listed,0,0,7,0,0,0,0,0,0,TWSE
2025-11-25,6282,康舒,listed,656,402,21904,247,64,45,743,19,7,TWSE
2025-11-25,6283,淳安,listed,74,26,2361,48,0,0,18,0,0,TWSE
2025-11-25,6285,啟碁,listed,27,98,7125,-81,1,2,76,-1,1,TWSE
2025-11-25,6405,悅城,listed,3,13,3189,-45,0,0,1,0,0,TWSE
2025-11-25,6409,旭隼,listed,127,34,722,91,1,0,3,1,0,TWSE
2025-11-25,6412,群電,listed,12,1,930,11,0,1,17,-1,0,TWSE
2025-11-25,6414,樺漢,listed,20,22,1402,-2,2,2,57,0,0,TWSE
2025-11-25,6415,矽力*-KY,listed,335,97,4876,229,17,18,49,-1,2,TWSE
2025-11-25,6416,瑞祺電通,listed,3,5,2694,-2,0,1,5,-1,0,TWSE
2025-11-25,6423,億而得-創,listed,0,0,93,0,0,0,0,0,0,TWSE
2025-11-25,6426,統新,listed,2,9,1114,-7,0,0,1,0,0,TWSE
2025-11-25,6431,光麗-KY,listed,0,0,0,0,0,0,0,0,0,TWSE
2025-11-25,6438,迅得,listed,125,42,4636,83,3,2,39,1,0,TWSE
2025-11-25,6442,光聖,listed,767,828,5563,-72,85,64,648,20,4,TWSE
2025-11-25,6443,元晶,listed,22,90,14771,-68,16,3,243,13,0,TWSE
2025-11-25,6446,藥華藥,listed,64,26,6730,35,1,2,20,-1,0,TWSE
2025-11-25,6449,鈺邦,listed,61,74,2638,-13,3,3,89,0,0,TWSE
2025-11-25,6451,訊芯-KY,listed,42,180,4368,-139,2,9,50,-7,0,TWSE
2025-11-25,6456,GIS-KY,listed,56,13,3434,41,1,2,78,-1,0,TWSE
2025-11-25,6464,台數科,listed,0,0,4,0,0,0,0,0,0,TWSE
2025-11-25,6472,保瑞,listed,16,5,3711,4,0,19,96,-22,0,TWSE
2025-11-25,6477,安集,listed,17,47,3145,-30,0,3,183,-3,0,TWSE
2025-11-25,6491,晶碩,listed,0,13,958,-23,1,0,30,1,0,TWSE
2025-11-25,6504,南六,listed,0,0,37,0,0,0,0,0,0,TWSE
2025-11-25,6505,台塑化,listed,511,954,5481,-444,47,166,419,-124,3,TWSE
2025-11-25,6515,穎崴,listed,108,119,853,-11,0,2,140,-2,3,TWSE
2025-11-25,6525,捷敏-KY,listed,18,2,826,16,0,0,1,0,0,TWSE
2025-11-25,6526,達發,listed,11,4,1140,7,0,0,7,0,0,TWSE
2025-11-25,6531,愛普*,listed,120,136,7156,-16,8,19,388,-11,1,TWSE
2025-11-25,6533,晶心科,listed,40,25,2049,12,1,2,584,-23,0,TWSE
2025-11-25,6534,正瀚-創,listed,174,0,1905,174,0,0,0,0,0,TWSE
2025-11-25,6541,泰福-KY,listed,26,70,3444,-44,0,0,2,0,0,TWSE
2025-11-25,6550,北極星藥業-KY,listed,0,0,0,0,0,0,0,0,0,TWSE
2025-11-25,6552,易華電,listed,2,13,1511,-11,0,0,0,0,0,TWSE
2025-11-25,6558,興能高,listed,14,26,4167,-12,10,5,177,5,0,TWSE
2025-11-25,6573,虹揚-KY,listed,0,0,0,0,0,0,0,0,0,TWSE
2025-11-25,6579,研揚,listed,12,10,668,0,0,0,9,0,0,TWSE
2025-11-25,6581,鋼聯,listed,0,0,26,0,0,0,0,0,0,TWSE
2025-11-25,6582,申豐,listed,2,2,409,0,0,0,0,0,0,TWSE
2025-11-25,6585,鼎基,listed,0,6,1568,-23,1,0,9,1,0,TWSE
2025-11-25,6589,台康生技,listed,82,56,3247,26,11,1,89,10,0,TWSE
2025-11-25,6591,動力-KY,listed,29,82,2605,-53,2,3,33,-1,0,TWSE
2025-11-25,6592,和潤企業,listed,94,4,536,90,0,2,0,-2,1,TWSE
2025-11-25,6598,ABC-KY,listed,0,0,0,0,0,0,0,0,0,TWSE
2025-11-25,6605,帝寶,listed,28,9,2663,19,0,2,10,-2,0,TWSE
2025-11-25,6606,建德工業,listed,2,0,749,2,0,0,0,0,0,TWSE
2025-11-25,6625,必應,listed,61,52,1480,9,0,1,0,-1,1,TWSE
2025-11-25,6641,基士德-KY,listed,1,0,141,1,0,0,0,0,0,TWSE
2025-11-25,6645,金萬林-創,listed,0,0,18,0,0,0,0,0,0,TWSE
2025-11-25,6655,科定,listed,0,0,2,0,0,0,0,0,0,TWSE
2025-11-25,6657,華安,listed,69,15,1939,54,1,0,1,1,1,TWSE
2025-11-25,6658,聯策,listed,5,18,1469,-13,0,1,12,-1,0,TWSE
2025-11-25,6666,羅麗芬-KY,listed,0,1,246,-1,0,0,0,0,0,TWSE
2025-11-25,6668,中揚光,listed,27,24,3558,-8,0,0,6,0,0,TWSE
2025-11-25,6669,緯穎,listed,73,119,1829,-48,3,18,121,-15,0,TWSE
2025-11-25,6670,復盛應用,listed,1,3,651,-2,0,0,2,0,0,TWSE
2025-11-25,6671,三能-KY,listed,0,0,36,0,0,0,0,0,0,TWSE
2025-11-25,6672,騰輝電子-KY,listed,20,15,3225,5,0,0,20,0,0,TWSE
2025-11-25,6674,鋐寶科技,listed,2,0,275,2,0,0,0,0,0,TWSE
2025-11-25,6689,伊雲谷,listed,3,4,1542,-4,0,0,6,0,0,TWSE
2025-11-25,6691,洋基工程,listed,23,91,1067,-68,1,0,4,1,0,TWSE
2025-11-25,6695,芯鼎,listed,10,16,3437,-9,1,1,46,0,0,TWSE
2025-11-25,6698,旭暉應材,listed,0,0,1567,0,0,0,1,0,0,TWSE
2025-11-25,6706,惠特,listed,551,276,9108,274,103,9,567,94,5,TWSE
2025-11-25,6715,嘉基,listed,0,1,3078,-1,0,0,4,0,0,TWSE
2025-11-25,6719,力智,listed,21,10,1450,11,0,0,16,0,0,TWSE
2025-11-25,6742,澤米,listed,71,8,2455,63,1,0,77,1,0,TWSE
2025-11-25,6743,安普新,listed,36,16,1048,20,4,0,6,4,0,TWSE
2025-11-25,6753,龍德造船,listed,159,107,5303,51,21,2,98,19,1,TWSE
2025-11-25,6754,匯僑設計,listed,3,0,150,3,0,0,0,0,0,TWSE
2025-11-25,6756,威鋒電子,listed,4,13,834,-9,1,1,14,0,0,TWSE
2025-11-25,6757,台灣虎航,listed,28,8,5730,9,12,4,767,8,0,TWSE
2025-11-25,6768,志強-KY,listed,47,16,2253,31,0,0,91,-2,0,TWSE
2025-11-25,6770,力積電,listed,5521,6317,95353,-805,2311,770,18504,1537,369,TWSE
2025-11-25,6771,平和環保-創,listed,3,0,86,3,0,0,0,0,0,TWSE
2025-11-25,6776,展碁國際,listed,4,0,290,4,19,0,47,19,0,TWSE
2025-11-25,6781,AES-KY,listed,137,107,1804,30,3,4,35,-2,1,TWSE
2025-11-25,6782,視陽,listed,11,1,718,10,0,0,0,0,0,TWSE
2025-11-25,6789,采鈺,listed,101,103,7233,-4,2,13,60,-11,0,TWSE
2025-11-25,6790,永豐實,listed,2,0,415,2,0,0,0,0,0,TWSE
2025-11-25,6792,詠業,listed,0,0,276,0,0,0,0,0,0,TWSE
2025-11-25,6794,向榮生技,listed,5,0,12,5,0,0,0,0,0,TWSE
2025-11-25,6796,晉弘,listed,1,0,257,1,0,0,0,0,0,TWSE
2025-11-25,6799,來頡,listed,8,39,2633,-31,0,7,8,-7,0,TWSE
2025-11-25,6805,富世達,listed,232,125,2431,107,5,4,107,1,1,TWSE
2025-11-25,6806,森崴能源,listed,37,61,5486,-92,71,61,918,10,0,TWSE
2025-11-25,6807,峰源-KY,listed,0,0,211,0,0,0,2,0,0,TWSE
2025-11-25,6830,汎銓,listed,2,2,1834,-3,8,0,67,8,1,TWSE
2025-11-25,6834,天二科技,listed,31,14,1801,14,0,0,2,0,0,TWSE
2025-11-25,6835,圓裕,listed,0,0,749,0,0,0,0,0,0,TWSE
2025-11-25,6838,台新藥,listed,83,43,1329,40,1,0,11,1,1,TWSE
2025-11-25,6854,錼創科技-KY創,listed,17,9,5019,8,0,0,14,0,0,TWSE
2025-11-25,6861,睿生光電,listed,12,11,447,1,0,0,2,0,0,TWSE
2025-11-25,6862,三集瑞-KY,listed,24,32,940,-9,0,1,0,-1,0,TWSE
2025-11-25,6863,永道-KY,listed,31,17,1196,14,0,0,10,0,0,TWSE
2025-11-25,6869,雲豹能源,listed,19,19,3161,-6,3,1,39,2,0,TWSE
2025-11-25,6873,泓德能源,listed,21,8,3932,11,16,5,123,11,0,TWSE
2025-11-25,6885,全福生技,listed,7,9,1911,-2,0,0,1,0,0,TWSE
2025-11-25,6887,寶綠特-KY,listed,0,0,266,0,0,0,0,0,0,TWSE
2025-11-25,6890,來億-KY,listed,299,326,3745,-27,5,21,78,-16,1,TWSE
2025-11-25,6901,鑽石投資,listed,52,15,2541,36,0,0,10,0,0,TWSE
2025-11-25,6902,GOGOLOOK,listed,2,11,344,-9,0,0,0,0,0,TWSE
2025-11-25,6906,現觀科,listed,7,9,602,-2,0,0,2,0,0,TWSE
2025-11-25,6914,阜爾運通,listed,0,1,408,-1,0,0,0,0,0,TWSE
2025-11-25,6916,華凌,listed,1,0,626,1,0,0,0,0,0,TWSE
2025-11-25,6923,中台,listed,26,19,2904,7,0,1,4,-1,0,TWSE
2025-11-25,6928,攸泰科技,listed,28,1,931,27,2,0,18,2,1,TWSE
2025-11-25,6931,青松健康,listed,40,12,142,28,0,0,3,0,0,TWSE
2025-11-25,6933,AMAX-KY,listed,34,18,718,16,0,0,2,0,0,TWSE
2025-11-25,6936,永鴻生技,listed,0,0,28,0,0,0,0,0,0,TWSE
2025-11-25,6937,天虹,listed,33,4,1395,29,1,0,2,1,0,TWSE
2025-11-25,6949,沛爾生醫-創,listed,20,4,2801,15,0,0,3,0,0,TWSE
2025-11-25,6951,青新-創,listed,0,0,2,0,0,0,0,0,0,TWSE
2025-11-25,6952,大武山,listed,0,0,56,0,0,0,0,0,0,TWSE
2025-11-25,6957,裕慶-KY,listed,21,18,1943,3,2,0,18,2,0,TWSE
2025-11-25,6958,日盛台駿,listed,0,0,68,0,0,0,0,0,0,TWSE
2025-11-25,6962,奕力-KY,listed,101,105,8549,-4,58,0,107,58,2,TWSE
2025-11-25,6965,中傑-KY,listed,10,0,47,10,0,0,0,0,0,TWSE
2025-11-25,6994,富威電力,listed,8,0,1377,8,0,0,58,0,0,TWSE
2025-11-25,7705,三商餐飲,listed,0,0,103,0,0,0,0,0,0,TWSE
2025-11-25,7722,LINEPAY,listed,4,3,590,1,0,0,0,0,0,TWSE
2025-11-25,7732,金興精密,listed,0,7,39,-7,0,0,0,0,0,TWSE
2025-11-25,7736,虎山,listed,0,0,9,0,0,0,0,0,0,TWSE
2025-11-25,8011,台通,listed,7,70,5082,-63,0,4,10,-4,0,TWSE
2025-11-25,8016,矽創,listed,36,19,1888,16,0,1,27,-1,0,TWSE
2025-11-25,8021,尖點,listed,3863,3681,16709,182,1409,108,5239,1301,36,TWSE
2025-11-25,8028,昇陽半導體,listed,146,324,9308,-181,36,35,1862,-29,3,TWSE
2025-11-25,8033,雷虎,listed,1455,1068,8320,382,221,91,895,130,22,TWSE
2025-11-25,8039,台虹,listed,518,503,10867,10,143,94,265,49,6,TWSE
2025-11-25,8045,達運光電,listed,1,15,4323,-14,0,0,33,0,0,TWSE
2025-11-25,8046,南電,listed,629,418,10093,208,134,211,1802,-78,16,TWSE
2025-11-25,8070,長華*,listed,54,149,8170,-95,1,1,38,0,0,TWSE
2025-11-25,8072,陞泰,listed,0,8,2076,-8,0,0,25,0,0,TWSE
2025-11-25,8081,致新,listed,9,8,1198,1,0,2,1,-2,0,TWSE
2025-11-25,8101,華冠,listed,0,0,0,0,0,0,0,0,0,TWSE
2025-11-25,8103,瀚荃,listed,548,448,6554,95,0,0,0,0,0,TWSE
2025-11-25,8104,錸寶,listed,22,58,3220,-51,0,1,19,-1,0,TWSE
2025-11-25,8105,凌巨,listed,13,41,10527,-28,20,2,227,18,0,TWSE
2025-11-25,8110,華東,listed,1857,1504,13263,352,212,209,4584,1,1986,TWSE
2025-11-25,8112,至上,listed,876,1608,16671,-762,81,320,1263,-240,16,TWSE
2025-11-25,8114,振樺電,listed,70,101,1306,-31,1,0,17,1,1,TWSE
2025-11-25,8131,福懋科,listed,671,186,4742,485,37,7,99,30,10,TWSE
2025-11-25,8150,南茂,listed,889,1202,11641,-318,83,73,791,10,14,TWSE
2025-11-25,8162,微矽電子-創,listed,0,0,83,0,0,0,0,0,0,TWSE
2025-11-25,8163,達方,listed,30,6,1677,3,0,0,32,0,0,TWSE
2025-11-25,8201,無敵,listed,0,0,0,0,0,0,0,0,0,TWSE
2025-11-25,8210,勤誠,listed,92,51,1179,41,9,17,242,-15,0,TWSE
2025-11-25,8213,志超,listed,2,3,2161,-1,0,0,0,0,0,TWSE
2025-11-25,8215,明基材,listed,5,12,1353,-7,0,0,8,0,0,TWSE
2025-11-25,8222,寶一,listed,48,60,4220,-12,5,7,130,-2,0,TWSE
2025-11-25,8249,菱光,listed,31,42,4734,-11,14,0,70,14,1,TWSE
2025-11-25,8261,富鼎,listed,57,119,4521,-62,15,1,42,14,0,TWSE
2025-11-25,8271,宇瞻,listed,733,311,4936,421,109,247,290,-178,22,TWSE
2025-11-25,8341,日友,listed,1,0,272,1,0,0,0,0,0,TWSE
2025-11-25,8367,建新國際,listed,0,0,64,0,0,0,0,0,0,TWSE
2025-11-25,8374,羅昇,listed,14,7,2272,-1,0,4,135,-4,0,TWSE
2025-11-25,8404,百和興業-KY,listed,38,58,4513,-20,0,0,117,0,0,TWSE
2025-11-25,8411,福貞-KY,listed,1,0,40,1,0,0,0,0,0,TWSE
2025-11-25,8422,可寧衛*,listed,170,523,9671,-353,399,0,6028,295,0,TWSE
2025-11-25,8429,金麗-KY,listed,2,0,10228,-19,0,0,1,0,0,TWSE
2025-11-25,8438,昶昕,listed,0,0,705,0,0,0,0,0,0,TWSE
2025-11-25,8442,威宏-KY,listed,7,7,819,0,0,0,0,0,0,TWSE
2025-11-25,8443,阿瘦,listed,0,3,128,-3,0,0,0,0,0,TWSE
2025-11-25,8454,富邦媒,listed,24,10,817,14,1,0,12,1,0,TWSE
2025-11-25,8462,柏文,listed,4,8,879,-4,0,0,9,0,0,TWSE
2025-11-25,8463,潤泰材,listed,5,1,547,4,0,0,0,0,0,TWSE
2025-11-25,8464,億豐,listed,3,2,1827,1,0,1,1,-1,0,TWSE
2025-11-25,8466,美吉吉-KY,listed,0,0,955,0,0,0,0,0,0,TWSE
2025-11-25,8467,波力-KY,listed,2,5,581,-4,0,0,8,0,0,TWSE
2025-11-25,8473,山林水,listed,5,52,1966,-47,0,0,26,0,0,TWSE
2025-11-25,8476,台境*,listed,0,0,7783,0,0,0,0,0,0,TWSE
2025-11-25,8478,東哥遊艇,listed,38,14,1284,24,3,0,5,3,0,TWSE
2025-11-25,8481,政伸,listed,0,0,10,0,0,0,0,0,0,TWSE
2025-11-25,8482,商億-KY,listed,0,1,244,-1,0,0,2,0,0,TWSE
2025-11-25,8487,愛爾達-創,listed,0,0,1,0,0,0,0,0,0,TWSE
2025-11-25,8488,吉源-KY,listed,0,0,28,0,0,0,0,0,0,TWSE
2025-11-25,8499,鼎炫-KY,listed,5,2,575,3,0,0,10,0,0,TWSE
2025-11-25,8926,台汽電,listed,2,68,1962,-66,0,0,4,0,0,TWSE
2025-11-25,8940,新天地,listed,0,0,55,0,0,0,0,0,0,TWSE
2025-11-25,8996,高力,listed,1096,308,6842,788,95,1,648,92,11,TWSE
2025-11-25,9103,美德醫療-DR,listed,29,1,3140,28,0,0,22,0,1,TWSE
2025-11-25,910322,康師傅-DR,listed,0,0,0,0,0,0,0,0,0,TWSE
2025-11-25,9105,泰金寶-DR,listed,179,425,53619,-246,23,15,57,8,2,TWSE
2025-11-25,910861,神州-DR,listed,0,0,0,0,0,0,0,0,0,TWSE
2025-11-25,911868,同方友友-DR,listed,0,0,0,0,0,0,0,0,0,TWSE
2025-11-25,912000,晨訊科-DR,listed,84,1,5490,83,0,4,0,-4,0,TWSE
2025-11-25,9136,巨騰-DR,listed,0,0,9194,0,0,0,0,0,0,TWSE
2025-11-25,9802,鈺齊-KY,listed,97,132,3173,-35,0,0,28,0,1,TWSE
2025-11-25,9902,台火,listed,82,72,3133,10,0,12,16,-12,2,TWSE
2025-11-25,9904,寶成,listed,334,127,15046,206,0,2,39,-3,0,TWSE
2025-11-25,9905,大華,listed,0,0,134,0,0,0,0,0,0,TWSE
2025-11-25,9906,欣巴巴,listed,0,0,489,0,0,0,43,0,0,TWSE
2025-11-25,9907,統一實,listed,46,64,6877,-18,0,7,3,-7,0,TWSE
2025-11-25,9908,大台北,listed,10,0,27,10,0,0,0,0,0,TWSE
2025-11-25,9910,豐泰,listed,14,21,486,-7,3,0,5,3,0,TWSE
2025-11-25,9911,櫻花,listed,0,0,371,0,0,0,0,0,0,TWSE
2025-11-25,9912,偉聯,listed,0,0,0,0,0,0,0,0,0,TWSE
2025-11-25,9914,美利達,listed,6,4,3003,0,25,7,111,18,0,TWSE
2025-11-25,9917,中保科,listed,0,0,112,0,0,0,0,0,0,TWSE
2025-11-25,9918,欣天然,listed,0,0,2,0,0,0,0,0,0,TWSE
2025-11-25,9919,康那香,listed,2,0,9749,2,0,2,26,-2,0,TWSE
2025-11-25,9921,巨大,listed,5,8,1488,-3,0,1,200,-1,0,TWSE
2025-11-25,9924,福興,listed,0,0,592,0,0,0,0,0,0,TWSE
2025-11-25,9925,新保,listed,0,0,9,0,0,0,0,0,0,TWSE
2025-11-25,9926,新海,listed,0,0,2,0,0,0,0,0,0,TWSE
2025-11-25,9927,泰銘,listed,10,0,96,10,0,3,0,-3,0,TWSE
2025-11-25,9928,中視,listed,2,8,474,-6,0,0,0,0,0,TWSE
2025-11-25,9929,秋雨,listed,0,0,0,0,0,0,0,0,0,TWSE
2025-11-25,9930,中聯資源,listed,0,1,16,-1,0,0,0,0,0,TWSE
2025-11-25,9931,欣高,listed,0,0,18,0,0,0,0,0,0,TWSE
2025-11-25,9933,中鼎,listed,13,17,5519,-4,7,0,24,7,0,TWSE
2025-11-25,9934,成霖,listed,1,0,5334,1,0,0,10,0,0,TWSE
2025-11-25,9935,慶豐富,listed,5,1,1487,4,0,0,5,0,0,TWSE
2025-11-25,9937,全國,listed,0,26,591,-26,0,0,0,0,0,TWSE
2025-11-25,9938,百和,listed,15,37,2619,-22,2,0,7,2,0,TWSE
2025-11-25,9939,宏全,listed,50,12,952,5,1,0,12,1,0,TWSE
2025-11-25,9940,信義,listed,107,58,979,49,0,0,2,0,0,TWSE
2025-11-25,9941,裕融,listed,1,10,1233,-9,0,0,3,0,0,TWSE
2025-11-25,9942,茂順,listed,0,0,149,0,0,0,1,0,0,TWSE
2025-11-25,9943,好樂迪,listed,0,0,113,0,0,0,0,0,0,TWSE
2025-11-25,9944,新麗,listed,3,1,5543,2,0,0,0,0,0,TWSE
2025-11-25,9945,潤泰新,listed,300,64,23791,139,0,10,16,-10,0,TWSE
2025-11-25,9946,三發地產,listed,1,3,2587,-2,0,0,0,0,0,TWSE
2025-11-25,9955,佳龍,listed,27,33,1785,-6,2,11,64,-9,0,TWSE
2025-11-25,9958,世紀鋼,listed,110,59,14227,49,13,1,161,12,0,TWSE
