date,symbol,name,market,foreign_buy,foreign_sell,foreign_net_buy,investment_trust_buy,investment_trust_sell,investment_trust_net_buy,dealer_buy,dealer_sell,dealer_net_buy,institutional_net_buy,source
2025-10-22,006201,元大富櫃50,otc,0,0,0,0,0,0,53000,15051,37949,37949,TPEx
2025-10-22,00679B,元大美債20年,otc,5247085,11304151,-6057066,0,0,0,11418849,7981000,3437849,-2619217,TPEx
2025-10-22,00687B,國泰20年美債,otc,5371000,1835000,3536000,0,0,0,10953818,6972784,3981034,7517034,TPEx
2025-10-22,00687C,國泰20年美債+櫃U,otc,0,0,0,0,0,0,51400,53000,-1600,-1600,TPEx
2025-10-22,00694B,富邦美債1-3,otc,129000,0,129000,0,0,0,53430,171000,-117570,11430,TPEx
2025-10-22,00695B,富邦美債7-10,otc,156000,2000,154000,0,0,0,214241,350000,-135759,18241,TPEx
2025-10-22,00696B,富邦美債20年,otc,2705000,28000,2677000,0,0,0,1059296,2848000,-1788704,888296,TPEx
2025-10-22,00697B,元大美債7-10,otc,0,0,0,0,0,0,6620,123594,-116974,-116974,TPEx
2025-10-22,00719B,元大美債1-3,otc,655000,36000,619000,0,195000,-195000,141846,51481,90365,514365,TPEx
2025-10-22,00720B,元大投資級公司債,otc,781000,404000,377000,0,0,0,1417752,1440000,-22248,354752,TPEx
2025-10-22,00722B,群益投資級電信債,otc,8519000,196000,8323000,0,0,0,2693334,2353873,339461,8662461,TPEx
2025-10-22,00723B,群益投資級科技債,otc,0,78000,-78000,0,0,0,215000,100000,115000,37000,TPEx
2025-10-22,00724B,群益投資級金融債,otc,5000,72000,-67000,0,0,0,3805417,3671796,133621,66621,TPEx
2025-10-22,00725B,國泰投資級公司債,otc,697000,65000,632000,0,0,0,2669089,2477908,191181,823181,TPEx
2025-10-22,00726B,國泰新興投等債,otc,5000,0,5000,0,0,0,121849,246000,-124151,-119151,TPEx
2025-10-22,00727B,國泰優選非投等債,otc,0,3000,-3000,0,0,0,110941,100511,10430,7430,TPEx
2025-10-22,00734B,台新JPM新興債,otc,116000,2000,114000,0,0,0,389005,452000,-62995,51005,TPEx
2025-10-22,00740B,富邦全球投等債,otc,211000,0,211000,0,0,0,2004781,1885232,119549,330549,TPEx
2025-10-22,00741B,富邦全球非投等債,otc,36000,2000,34000,0,0,0,205000,228000,-23000,11000,TPEx
2025-10-22,00746B,富邦A級公司債,otc,7000,0,7000,0,0,0,645173,624000,21173,28173,TPEx
2025-10-22,00749B,凱基新興債10+,otc,27000,0,27000,0,0,0,105000,105000,0,27000,TPEx
2025-10-22,00750B,凱基科技債10+,otc,0,0,0,0,0,0,112000,100000,12000,12000,TPEx
2025-10-22,00751B,元大AAA至A公司債,otc,3144000,3879000,-735000,0,0,0,3060114,1206901,1853213,1118213,TPEx
2025-10-22,00754B,群益AAA-AA公司債,otc,0,40000,-40000,0,0,0,148287,100287,48000,8000,TPEx
2025-10-22,00755B,群益投資級公用債,otc,0,6000,-6000,0,0,0,104505,100318,4187,-1813,TPEx
2025-10-22,00756B,群益投等新興公債,otc,2000,1000,1000,0,0,0,109445,125064,-15619,-14619,TPEx
2025-10-22,00758B,復華能源債,otc,0,0,0,0,0,0,100019,100000,19,19,TPEx
2025-10-22,00759B,復華製藥債,otc,0,0,0,0,0,0,100000,100000,0,0,TPEx
2025-10-22,00760B,復華新興企業債,otc,0,0,0,0,0,0,103381,101681,1700,1700,TPEx
2025-10-22,00761B,國泰A級公司債,otc,2000,33000,-31000,0,0,0,35003,30000,5003,-25997,TPEx
2025-10-22,00764B,群益25年美債,otc,61000,197000,-136000,0,0,0,6990890,6746048,244842,108842,TPEx
2025-10-22,00768B,復華20年美債,otc,383000,4000,379000,0,0,0,2038924,2425964,-387040,-8040,TPEx
2025-10-22,00772B,中信高評級公司債,otc,540000,55000,485000,0,0,0,1727998,416150,1311848,1796848,TPEx
2025-10-22,00773B,中信優先金融債,otc,43000,59000,-16000,0,0,0,380916,189067,191849,175849,TPEx
2025-10-22,00777B,凱基AAA至A公司債,otc,0,15000,-15000,0,0,0,100000,100000,0,-15000,TPEx
2025-10-22,00778B,凱基金融債20+,otc,0,0,0,0,0,0,100000,100000,0,0,TPEx
2025-10-22,00779B,凱基美債25+,otc,1000,0,1000,0,0,0,506000,500000,6000,7000,TPEx
2025-10-22,00780B,國泰A級金融債,otc,13000,0,13000,0,0,0,102115,100000,2115,15115,TPEx
2025-10-22,00781B,國泰A級科技債,otc,63000,0,63000,0,0,0,105000,153000,-48000,15000,TPEx
2025-10-22,00782B,國泰A級公用債,otc,0,0,0,0,0,0,138000,140032,-2032,-2032,TPEx
2025-10-22,00785B,富邦金融投等債,otc,0,1000,-1000,0,0,0,100000,100028,-28,-1028,TPEx
2025-10-22,00786B,元大10年IG銀行債,otc,0,0,0,0,0,0,11219,0,11219,11219,TPEx
2025-10-22,00787B,元大10年IG醫療債,otc,12000,1000,11000,0,0,0,41012,0,41012,52012,TPEx
2025-10-22,00788B,元大10年IG電能債,otc,32000,0,32000,0,0,0,65062,14000,51062,83062,TPEx
2025-10-22,00789B,復華公司債A3,otc,20000,0,20000,0,0,0,100800,100800,0,20000,TPEx
2025-10-22,00791B,復華信用債1-5,otc,0,0,0,0,0,0,100000,100000,0,0,TPEx
2025-10-22,00792B,群益A級公司債,otc,0,20000,-20000,0,0,0,121040,100020,21020,1020,TPEx
2025-10-22,00793B,群益AAA-A醫療債,otc,0,0,0,0,0,0,100000,100000,0,0,TPEx
2025-10-22,00795B,中信美國公債20年,otc,1985000,0,1985000,0,0,0,4148659,4996000,-847341,1137659,TPEx
2025-10-22,00799B,國泰A級醫療債,otc,0,0,0,0,0,0,136053,119110,16943,16943,TPEx
2025-10-22,00834B,第一金金融債10+,otc,0,1000,-1000,0,0,0,100000,100000,0,-1000,TPEx
2025-10-22,00836B,永豐10年A公司債,otc,0,0,0,0,0,0,203253,201000,2253,2253,TPEx
2025-10-22,00840B,凱基IG精選15+,otc,0,0,0,0,0,0,100000,100000,0,0,TPEx
2025-10-22,00841B,凱基AAA-AA公司債,otc,0,0,0,0,0,0,100000,100000,0,0,TPEx
2025-10-22,00842B,台新美元銀行債,otc,0,0,0,0,0,0,126000,100082,25918,25918,TPEx
2025-10-22,00844B,新光15年IG金融債,otc,7000,0,7000,0,0,0,2000,1,1999,8999,TPEx
2025-10-22,00845B,富邦新興投等債,otc,0,0,0,0,0,0,101000,100000,1000,1000,TPEx
2025-10-22,00846B,富邦歐洲銀行債,otc,0,0,0,0,0,0,105111,101101,4010,4010,TPEx
2025-10-22,00847B,中信美國市政債,otc,0,0,0,0,0,0,300114,301001,-887,-887,TPEx
2025-10-22,00848B,中信新興亞洲債,otc,0,0,0,0,0,0,300000,300000,0,0,TPEx
2025-10-22,00849B,中信EM主權債0-5,otc,0,0,0,0,0,0,305233,304377,856,856,TPEx
2025-10-22,00853B,統一美債10年Aa-A,otc,0,11000,-11000,0,0,0,1713776,1609000,104776,93776,TPEx
2025-10-22,00856B,永豐1-3年美公債,otc,0,0,0,0,0,0,1000,2000,-1000,-1000,TPEx
2025-10-22,00857B,永豐20年美公債,otc,561005,0,561005,0,0,0,1381732,1132138,249594,810599,TPEx
2025-10-22,00858,永豐美國500大,otc,0,13000,-13000,0,0,0,1181057,723999,457058,444058,TPEx
2025-10-22,00859B,群益0-1年美債,otc,1000,0,1000,0,0,0,2519000,2504000,15000,16000,TPEx
2025-10-22,00860B,群益1-5Y投資級債,otc,0,0,0,0,0,0,102265,111693,-9428,-9428,TPEx
2025-10-22,00862B,中信投資級公司債,otc,0,28000,-28000,0,0,0,337055,300087,36968,8968,TPEx
2025-10-22,00863B,中信全球電信債,otc,0,1000,-1000,0,0,0,300000,300000,0,-1000,TPEx
2025-10-22,00864B,中信美國公債0-1,otc,458000,0,458000,0,0,0,669000,597000,72000,530000,TPEx
2025-10-22,00867B,新光A-BBB電信債,otc,0,0,0,0,0,0,200041,200253,-212,-212,TPEx
2025-10-22,00870B,元大15年EM主權債,otc,4000,0,4000,0,0,0,0,0,0,4000,TPEx
2025-10-22,00877,復華中國5G,otc,666000,720500,-54500,0,0,0,1913111,1194033,719078,664578,TPEx
2025-10-22,00883B,中信ESG投資級債,otc,0,0,0,0,0,0,322062,300000,22062,22062,TPEx
2025-10-22,00884B,中信低碳新興債,otc,0,0,0,0,0,0,306246,308497,-2251,-2251,TPEx
2025-10-22,00886,永豐美國科技,otc,0,5000,-5000,0,0,0,32751,0,32751,27751,TPEx
2025-10-22,00887,永豐中國科技50大,otc,1370000,764141,605859,0,0,0,3286024,914558,2371466,2977325,TPEx
2025-10-22,00888,永豐台灣ESG,otc,0,119300,-119300,0,0,0,1138999,6813785,-5674786,-5794086,TPEx
2025-10-22,00890B,凱基ESG BBB債15+,otc,1000,14000,-13000,0,0,0,503000,500000,3000,-10000,TPEx
2025-10-22,00928,中信上櫃ESG 30,otc,13000,13000,0,0,0,0,119149,137842,-18693,-18693,TPEx
2025-10-22,00931B,統一美債20年,otc,1502000,209000,1293000,0,0,0,3057749,1778000,1279749,2572749,TPEx
2025-10-22,00933B,國泰10Y+金融債,otc,436000,2000,434000,0,0,0,3596814,1465314,2131500,2565500,TPEx
2025-10-22,00937B,群益ESG投等債20+,otc,1968000,3098000,-1130000,0,0,0,16083201,3541155,12542046,11412046,TPEx
2025-10-22,00942B,台新美A公司債20+,otc,754000,209000,545000,0,0,0,2046671,1704000,342671,887671,TPEx
2025-10-22,00948B,中信優息投資級債,otc,1790000,1536000,254000,0,0,0,3778883,618000,3160883,3414883,TPEx
2025-10-22,00950B,凱基A級公司債,otc,216000,41000,175000,0,0,0,885014,916000,-30986,144014,TPEx
2025-10-22,00955,中信日本商社,otc,69000,37000,32000,0,0,0,1558754,1186342,372412,404412,TPEx
2025-10-22,00957B,兆豐US優選投等債,otc,0,8000,-8000,0,0,0,413000,829511,-416511,-424511,TPEx
2025-10-22,00958B,永豐ESG銀行債15+,otc,0,0,0,0,0,0,602261,400093,202168,202168,TPEx
2025-10-22,00959B,大華投等美債15Y+,otc,144000,14000,130000,0,0,0,450091,425000,25091,155091,TPEx
2025-10-22,00966B,統一ESG投等債15+,otc,0,17000,-17000,0,0,0,1485000,949004,535996,518996,TPEx
2025-10-22,00967B,元大優息美債,otc,23000,13000,10000,0,0,0,427429,303000,124429,134429,TPEx
2025-10-22,00968B,元大優息投等債,otc,340000,755000,-415000,0,0,0,521000,469421,51579,-363421,TPEx
2025-10-22,00969B,元大零息超長美債,otc,83000,9000,74000,0,0,0,463665,175502,288163,362163,TPEx
2025-10-22,00970B,新光BBB投等債20+,otc,75000,139000,-64000,0,0,0,1511073,748007,763066,699066,TPEx
2025-10-22,009806,台新標普500,otc,0,0,0,0,0,0,347585,419130,-71545,-71545,TPEx
2025-10-22,009807,台新標普科技精選,otc,0,0,0,0,0,0,669000,732015,-63015,-63015,TPEx
2025-10-22,00980B,台新特選IG債10+,otc,0,0,0,0,0,0,304000,340490,-36490,-36490,TPEx
2025-10-22,00980D,主動聯博投等入息,otc,0,7000,-7000,0,0,0,453229,346746,106483,99483,TPEx
2025-10-22,00980T,平衡凱基美國TOP,otc,29000,24000,5000,0,0,0,1219000,1393333,-174333,-169333,TPEx
2025-10-22,00981B,第一金優選非投債,otc,183000,603000,-420000,0,0,0,0,14259586,-14259586,-14679586,TPEx
2025-10-22,00981D,主動中信非投等債,otc,2976000,38000,2938000,0,0,0,968000,2278848,-1310848,1627152,TPEx
2025-10-22,00982B,FT投資級債20+,otc,0,0,0,0,0,0,1000,5297,-4297,-4297,TPEx
2025-10-22,00983B,大華優利美公債20,otc,0,23000,-23000,0,0,0,4993000,4774000,219000,196000,TPEx
2025-10-22,00984B,大華優利美A債15,otc,102000,103000,-1000,0,0,0,3268321,3266000,2321,1321,TPEx
2025-10-22,020023,元大櫃買半導體N,otc,0,0,0,0,0,0,15000,20000,-5000,-5000,TPEx
2025-10-22,020025,統一亞洲半導體N,otc,0,0,0,0,0,0,22000,13000,9000,9000,TPEx
2025-10-22,020027,元大上櫃ESG成長N,otc,0,0,0,0,0,0,60000,72000,-12000,-12000,TPEx
2025-10-22,020033,統一恒生科期N,otc,0,0,0,0,0,0,0,45000,-45000,-45000,TPEx
2025-10-22,020035,元大上櫃ESG高息N,otc,0,0,0,0,0,0,1000,5000,-4000,-4000,TPEx
2025-10-22,020040,元大上櫃ESG龍頭N,otc,0,0,0,0,0,0,2000,80000,-78000,-78000,TPEx
2025-10-22,1240,茂生農經,otc,6000,30000,-24000,0,0,0,1743,2000,-257,-24257,TPEx
2025-10-22,1259,安心,otc,1000,1000,0,0,0,0,0,0,0,0,TPEx
2025-10-22,1264,德麥,otc,2000,0,2000,0,0,0,0,0,0,2000,TPEx
2025-10-22,1268,漢來美食,otc,0,2000,-2000,0,0,0,0,0,0,-2000,TPEx
2025-10-22,1294,漢田生技,otc,14000,19000,-5000,0,0,0,0,0,0,-5000,TPEx
2025-10-22,1295,生合,otc,236000,177000,59000,0,0,0,5168,260,4908,63908,TPEx
2025-10-22,1336,台翰,otc,5000,5000,0,0,0,0,0,0,0,0,TPEx
2025-10-22,1565,精華,otc,44000,20000,24000,0,0,0,1000,13,987,24987,TPEx
2025-10-22,1569,濱川,otc,838000,432000,406000,0,0,0,3000,19624,-16624,389376,TPEx
2025-10-22,1570,力肯,otc,158000,73000,85000,0,0,0,0,0,0,85000,TPEx
2025-10-22,1580,新麥,otc,4000,1000,3000,0,0,0,0,0,0,3000,TPEx
2025-10-22,1584,精剛,otc,156000,97000,59000,0,0,0,7,2232,-2225,56775,TPEx
2025-10-22,1586,和勤,otc,70000,16000,54000,0,0,0,0,0,0,54000,TPEx
2025-10-22,1591,駿吉-KY,otc,29000,39001,-10001,0,0,0,0,90,-90,-10091,TPEx
2025-10-22,1593,祺驊,otc,0,6000,-6000,0,0,0,0,0,0,-6000,TPEx
2025-10-22,1595,川寶,otc,88000,99000,-11000,0,0,0,6003,5555,448,-10552,TPEx
2025-10-22,1599,宏佳騰,otc,3000,1000,2000,0,0,0,0,0,0,2000,TPEx
2025-10-22,1742,台蠟,otc,3000,0,3000,0,0,0,0,0,0,3000,TPEx
2025-10-22,1777,生泰,otc,11000,1000,10000,0,0,0,13121,13080,41,10041,TPEx
2025-10-22,1781,合世,otc,22000,5000,17000,0,0,0,0,24,-24,16976,TPEx
2025-10-22,1784,訊聯,otc,394000,397000,-3000,0,0,0,73534,7436,66098,63098,TPEx
2025-10-22,1785,光洋科,otc,1300000,2620050,-1320050,0,4000,-4000,75000,205330,-130330,-1454380,TPEx
2025-10-22,1796,金穎生技,otc,3000,0,3000,0,0,0,7299,7052,247,3247,TPEx
2025-10-22,1799,易威,otc,42000,15000,27000,0,0,0,0,4,-4,26996,TPEx
2025-10-22,1815,富喬,otc,7083000,5380000,1703000,0,0,0,340089,394029,-53940,1649060,TPEx
2025-10-22,2035,唐榮,otc,0,1000,-1000,0,0,0,0,0,0,-1000,TPEx
2025-10-22,2061,風青,otc,16000,21000,-5000,0,0,0,0,0,0,-5000,TPEx
2025-10-22,2063,世鎧,otc,7000,10000,-3000,0,0,0,2000,2244,-244,-3244,TPEx
2025-10-22,2064,晉椿,otc,1000,1000,0,0,0,0,0,0,0,0,TPEx
2025-10-22,2065,世豐,otc,17000,1000,16000,0,0,0,0,0,0,16000,TPEx
2025-10-22,2066,世德,otc,12000,1000,11000,0,0,0,0,0,0,11000,TPEx
2025-10-22,2067,嘉鋼,otc,20000,53000,-33000,0,0,0,0,4040,-4040,-37040,TPEx
2025-10-22,2070,精湛,otc,19000,9000,10000,0,0,0,0,143,-143,9857,TPEx
2025-10-22,2230,泰茂,otc,417000,158000,259000,0,0,0,184042,12535,171507,430507,TPEx
2025-10-22,2596,綠意,otc,9000,3000,6000,0,0,0,0,0,0,6000,TPEx
2025-10-22,2640,大車隊,otc,0,1000,-1000,0,0,0,0,0,0,-1000,TPEx
2025-10-22,2641,正德,otc,869000,180000,689000,0,0,0,31707,120047,-88340,600660,TPEx
2025-10-22,2643,捷迅,otc,1000,9000,-8000,0,0,0,0,0,0,-8000,TPEx
2025-10-22,2718,全心投控,otc,6000,5000,1000,0,0,0,0,0,0,1000,TPEx
2025-10-22,2719,燦星旅,otc,4000,2000,2000,0,0,0,0,0,0,2000,TPEx
2025-10-22,2726,雅茗-KY,otc,2000,1000,1000,0,0,0,0,0,0,1000,TPEx
2025-10-22,2729,瓦城,otc,1000,1000,0,0,0,0,0,0,0,0,TPEx
2025-10-22,2732,六角,otc,8000,4000,4000,0,0,0,0,0,0,4000,TPEx
2025-10-22,2734,易飛網,otc,21000,3000,18000,0,0,0,0,0,0,18000,TPEx
2025-10-22,2736,富野,otc,35000,2000,33000,0,0,0,0,0,0,33000,TPEx
2025-10-22,2743,山富,otc,17000,105000,-88000,0,0,0,2000,1708,292,-87708,TPEx
2025-10-22,2745,五福,otc,20000,5000,15000,0,0,0,0,0,0,15000,TPEx
2025-10-22,2754,亞洲藏壽司,otc,50000,4000,46000,0,0,0,1000,0,1000,47000,TPEx
2025-10-22,2755,揚秦,otc,29000,7986,21014,0,0,0,1000,1197,-197,20817,TPEx
2025-10-22,2756,聯發國際,otc,3000,6000,-3000,0,0,0,0,1000,-1000,-4000,TPEx
2025-10-22,2916,滿心,otc,3000,1000,2000,0,0,0,0,0,0,2000,TPEx
2025-10-22,2926,誠品生活,otc,0,2000,-2000,0,0,0,0,0,0,-2000,TPEx
2025-10-22,3066,李洲,otc,2000,0,2000,0,0,0,0,0,0,2000,TPEx
2025-10-22,3071,協禧,otc,67000,93000,-26000,0,0,0,0,0,0,-26000,TPEx
2025-10-22,3073,天方能源,otc,51000,16000,35000,0,0,0,3149,3000,149,35149,TPEx
2025-10-22,3078,僑威,otc,141000,218000,-77000,0,3000,-3000,10235,5878,4357,-75643,TPEx
2025-10-22,3081,聯亞,otc,973000,1108000,-135000,0,101000,-101000,104000,82377,21623,-214377,TPEx
2025-10-22,3083,網龍,otc,2000,0,2000,0,0,0,0,0,0,2000,TPEx
2025-10-22,3086,華義,otc,274000,221000,53000,0,0,0,3272,1660,1612,54612,TPEx
2025-10-22,3088,艾訊,otc,130000,232000,-102000,0,0,0,3420,2455,965,-101035,TPEx
2025-10-22,3093,港建*,otc,8000,1000,7000,0,0,0,0,0,0,7000,TPEx
2025-10-22,3095,及成,otc,0,0,0,0,0,0,999,1001,-2,-2,TPEx
2025-10-22,3105,穩懋,otc,1769020,1797000,-27980,20000,0,20000,164829,111858,52971,44991,TPEx
2025-10-22,3114,好德,otc,9000,5000,4000,0,0,0,0,0,0,4000,TPEx
2025-10-22,3122,笙泉,otc,9000,1000,8000,0,0,0,0,0,0,8000,TPEx
2025-10-22,3128,昇銳,otc,69000,89000,-20000,0,0,0,175,0,175,-19825,TPEx
2025-10-22,3131,弘塑,otc,229000,251200,-22200,2000,80000,-78000,66740,71005,-4265,-104465,TPEx
2025-10-22,3141,晶宏,otc,553000,359000,194000,0,0,0,8526,2916,5610,199610,TPEx
2025-10-22,3147,大綜,otc,47000,76120,-29120,0,0,0,4654,5899,-1245,-30365,TPEx
2025-10-22,3152,璟德,otc,34000,22000,12000,0,0,0,3000,171,2829,14829,TPEx
2025-10-22,3162,精確,otc,447320,1683000,-1235680,0,0,0,13000,13364,-364,-1236044,TPEx
2025-10-22,3163,波若威,otc,2371000,2520000,-149000,0,0,0,149021,80316,68705,-80295,TPEx
2025-10-22,3169,亞信,otc,89000,29000,60000,0,0,0,7479,1081,6398,66398,TPEx
2025-10-22,3171,炎洲流通,otc,1000,4000,-3000,0,0,0,0,0,0,-3000,TPEx
2025-10-22,3176,基亞,otc,90000,2000,88000,0,0,0,0,0,0,88000,TPEx
2025-10-22,3178,公準,otc,22000,3000,19000,0,0,0,0,0,0,19000,TPEx
2025-10-22,3188,鑫龍騰,otc,85000,22000,63000,0,0,0,90,1,89,63089,TPEx
2025-10-22,3191,雲嘉南,otc,5000,1000,4000,0,0,0,492,0,492,4492,TPEx
2025-10-22,3205,佰研,otc,128000,39000,89000,0,0,0,0,0,0,89000,TPEx
2025-10-22,3207,耀勝,otc,170000,25000,145000,0,0,0,15260,200,15060,160060,TPEx
2025-10-22,3211,順達,otc,3662020,3725200,-63180,866000,422000,444000,153319,130875,22444,403264,TPEx
2025-10-22,3213,茂訊,otc,23000,91000,-68000,0,1428,-1428,2000,7445,-5445,-74873,TPEx
2025-10-22,3217,優群,otc,116000,99000,17000,0,75000,-75000,2000,11176,-9176,-67176,TPEx
2025-10-22,3218,大學光,otc,114000,388000,-274000,0,0,0,7633,11963,-4330,-278330,TPEx
2025-10-22,3219,倚強科,otc,124000,73000,51000,0,0,0,3000,722,2278,53278,TPEx
2025-10-22,3221,台嘉碩,otc,171000,198500,-27500,0,0,0,0,4000,-4000,-31500,TPEx
2025-10-22,3224,三顧,otc,2000,17000,-15000,0,0,0,0,0,0,-15000,TPEx
2025-10-22,3227,原相,otc,810061,708750,101311,20000,1000,19000,87533,134282,-46749,73562,TPEx
2025-10-22,3228,金麗科,otc,45000,43000,2000,0,0,0,2253,24005,-21752,-19752,TPEx
2025-10-22,3230,錦明,otc,39000,72000,-33000,0,0,0,1000,726,274,-32726,TPEx
2025-10-22,3232,昱捷,otc,1000,1000,0,0,0,0,0,0,0,0,TPEx
2025-10-22,3234,光環,otc,31000,34000,-3000,0,0,0,0,0,0,-3000,TPEx
2025-10-22,3236,千如,otc,2497000,2212000,285000,0,0,0,0,44627,-44627,240373,TPEx
2025-10-22,3252,海灣,otc,1000,4000,-3000,0,0,0,0,0,0,-3000,TPEx
2025-10-22,3259,鑫創,otc,0,1000,-1000,0,0,0,0,0,0,-1000,TPEx
2025-10-22,3260,威剛,otc,5405443,2554546,2850897,0,11000,-11000,295346,162720,132626,2972523,TPEx
2025-10-22,3264,欣銓,otc,626000,643000,-17000,0,30000,-30000,11000,67933,-56933,-103933,TPEx
2025-10-22,3265,台星科,otc,70000,107000,-37000,0,0,0,20576,6298,14278,-22722,TPEx
2025-10-22,3268,海德威,otc,8000,11000,-3000,0,0,0,0,1,-1,-3001,TPEx
2025-10-22,3272,東碩,otc,0,1000,-1000,0,0,0,0,0,0,-1000,TPEx
2025-10-22,3276,宇環,otc,0,5000,-5000,0,0,0,0,0,0,-5000,TPEx
2025-10-22,3284,太普高,otc,19000,1000,18000,0,0,0,1000,8828,-7828,10172,TPEx
2025-10-22,3285,微端,otc,1000,0,1000,0,0,0,0,0,0,1000,TPEx
2025-10-22,3287,廣寰科,otc,29000,9000,20000,0,0,0,0,0,0,20000,TPEx
2025-10-22,3289,宜特,otc,138000,128070,9930,0,0,0,1060,1919,-859,9071,TPEx
2025-10-22,3290,東浦,otc,780000,200000,580000,0,0,0,58469,65000,-6531,573469,TPEx
2025-10-22,3293,鈊象,otc,408305,352425,55880,25000,13000,12000,18773,235,18538,86418,TPEx
2025-10-22,3294,英濟,otc,184000,199000,-15000,0,0,0,1000,0,1000,-14000,TPEx
2025-10-22,3297,杭特,otc,184000,225000,-41000,0,0,0,0,527,-527,-41527,TPEx
2025-10-22,3303,岱稜,otc,34000,13000,21000,0,0,0,0,0,0,21000,TPEx
2025-10-22,3306,鼎天,otc,660000,305000,355000,0,0,0,155,7000,-6845,348155,TPEx
2025-10-22,3313,斐成,otc,569000,632000,-63000,0,0,0,0,0,0,-63000,TPEx
2025-10-22,3317,尼克森,otc,2930000,2252000,678000,0,0,0,36480,126529,-90049,587951,TPEx
2025-10-22,3322,建舜電,otc,38000,18000,20000,0,0,0,0,0,0,20000,TPEx
2025-10-22,3323,加百裕,otc,2902000,3018100,-116100,0,0,0,70759,62069,8690,-107410,TPEx
2025-10-22,3324,雙鴻,otc,1035010,787094,247916,12000,0,12000,179329,110847,68482,328398,TPEx
2025-10-22,3325,旭品,otc,24000,42000,-18000,0,0,0,0,1,-1,-18001,TPEx
2025-10-22,3332,幸康,otc,77000,58000,19000,0,0,0,0,0,0,19000,TPEx
2025-10-22,3339,泰谷,otc,90000,81000,9000,0,0,0,0,9,-9,8991,TPEx
2025-10-22,3349,寶德,otc,1000,0,1000,0,0,0,0,0,0,1000,TPEx
2025-10-22,3354,律勝,otc,1000,0,1000,0,0,0,0,0,0,1000,TPEx
2025-10-22,3357,臺慶科,otc,1526000,1230000,296000,26000,41407,-15407,47114,77256,-30142,250451,TPEx
2025-10-22,3360,尚立,otc,14000,0,14000,0,0,0,5000,5001,-1,13999,TPEx
2025-10-22,3362,先進光,otc,200000,120000,80000,0,0,0,5932,7593,-1661,78339,TPEx
2025-10-22,3363,上詮,otc,188000,1277000,-1089000,0,0,0,21000,21811,-811,-1089811,TPEx
2025-10-22,3372,典範,otc,167000,70000,97000,0,0,0,6000,6253,-253,96747,TPEx
2025-10-22,3373,熱映,otc,35000,33000,2000,0,0,0,3029,3000,29,2029,TPEx
2025-10-22,3374,精材,otc,260000,325000,-65000,0,0,0,31000,84231,-53231,-118231,TPEx
2025-10-22,3379,彬台,otc,205000,189000,16000,0,0,0,0,1000,-1000,15000,TPEx
2025-10-22,3388,崇越電,otc,1000,1000,0,0,0,0,0,0,0,0,TPEx
2025-10-22,3390,旭軟,otc,193000,161000,32000,0,0,0,0,0,0,32000,TPEx
2025-10-22,3402,漢科,otc,169000,99000,70000,0,1530,-1530,4000,7104,-3104,65366,TPEx
2025-10-22,3430,奇鈦科,otc,1000,106000,-105000,0,0,0,2000,0,2000,-103000,TPEx
2025-10-22,3434,哲固,otc,56000,34000,22000,0,0,0,0,0,0,22000,TPEx
2025-10-22,3438,類比科,otc,7000,20000,-13000,0,0,0,0,0,0,-13000,TPEx
2025-10-22,3441,聯一光,otc,4000,3000,1000,0,0,0,0,0,0,1000,TPEx
2025-10-22,3444,利機,otc,54000,36000,18000,0,0,0,3000,636,2364,20364,TPEx
2025-10-22,3455,由田,otc,41000,105000,-64000,0,0,0,0,0,0,-64000,TPEx
2025-10-22,3466,德晉,otc,277000,188000,89000,0,0,0,9000,8437,563,89563,TPEx
2025-10-22,3479,安勤,otc,42000,152000,-110000,0,1400,-1400,9000,30220,-21220,-132620,TPEx
2025-10-22,3483,力致,otc,212000,68000,144000,0,0,0,32401,15203,17198,161198,TPEx
2025-10-22,3484,崧騰,otc,49000,26000,23000,0,0,0,0,198,-198,22802,TPEx
2025-10-22,3489,森寶,otc,6000,1000,5000,0,0,0,0,0,0,5000,TPEx
2025-10-22,3490,單井,otc,575000,928000,-353000,0,0,0,7944,6730,1214,-351786,TPEx
2025-10-22,3491,昇達科,otc,264000,549000,-285000,10000,15000,-5000,14963,70556,-55593,-345593,TPEx
2025-10-22,3492,長盛,otc,4000,4000,0,0,0,0,0,0,0,0,TPEx
2025-10-22,3498,陽程,otc,54000,85000,-31000,0,0,0,96,1001,-905,-31905,TPEx
2025-10-22,3499,環天科,otc,0,0,0,0,0,0,9,2,7,7,TPEx
2025-10-22,3508,位速,otc,31000,6000,25000,0,0,0,1000,686,314,25314,TPEx
2025-10-22,3511,矽瑪,otc,85000,145000,-60000,0,0,0,0,308,-308,-60308,TPEx
2025-10-22,3512,皇龍,otc,7000,4000,3000,0,0,0,0,0,0,3000,TPEx
2025-10-22,3516,亞帝歐,otc,1000,9000,-8000,0,0,0,0,0,0,-8000,TPEx
2025-10-22,3520,華盈,otc,138000,336000,-198000,0,0,0,0,0,0,-198000,TPEx
2025-10-22,3522,御嵿,otc,7000,18000,-11000,0,0,0,0,0,0,-11000,TPEx
2025-10-22,3526,凡甲,otc,13005,49000,-35995,0,640,-640,2081,3240,-1159,-37794,TPEx
2025-10-22,3527,聚積,otc,23000,11000,12000,0,0,0,4000,4000,0,12000,TPEx
2025-10-22,3529,力旺,otc,228577,420041,-191464,14000,2000,12000,35258,22642,12616,-166848,TPEx
2025-10-22,3537,堡達,otc,169000,387000,-218000,0,0,0,16702,1000,15702,-202298,TPEx
2025-10-22,3540,曜越,otc,60000,29000,31000,0,0,0,0,0,0,31000,TPEx
2025-10-22,3541,西柏,otc,0,3000,-3000,0,0,0,0,0,0,-3000,TPEx
2025-10-22,3546,宇峻,otc,26000,45000,-19000,0,0,0,0,5,-5,-19005,TPEx
2025-10-22,3548,兆利,otc,199000,38000,161000,0,148000,-148000,3005,11095,-8090,4910,TPEx
2025-10-22,3551,世禾,otc,210000,334000,-124000,50000,0,50000,32205,26000,6205,-67795,TPEx
2025-10-22,3552,同致,otc,175080,72089,102991,0,0,0,28352,3083,25269,128260,TPEx
2025-10-22,3555,博士旺,otc,64000,69000,-5000,0,0,0,0,0,0,-5000,TPEx
2025-10-22,3556,禾瑞亞,otc,10000,0,10000,0,0,0,0,0,0,10000,TPEx
2025-10-22,3558,神準,otc,59000,41471,17529,0,0,0,4259,5346,-1087,16442,TPEx
2025-10-22,3564,其陽,otc,54000,41000,13000,0,0,0,4000,4018,-18,12982,TPEx
2025-10-22,3567,逸昌,otc,1000,1000,0,0,0,0,0,0,0,0,TPEx
2025-10-22,3570,大塚,otc,22000,3000,19000,0,0,0,480,235,245,19245,TPEx
2025-10-22,3577,泓格,otc,8000,26000,-18000,0,0,0,1000,871,129,-17871,TPEx
2025-10-22,3580,友威科,otc,36000,58000,-22000,0,0,0,1004,837,167,-21833,TPEx
2025-10-22,3581,博磊,otc,9000,62000,-53000,0,0,0,0,83000,-83000,-136000,TPEx
2025-10-22,3587,閎康,otc,287000,428000,-141000,0,0,0,34021,51913,-17892,-158892,TPEx
2025-10-22,3594,磐儀,otc,18000,21000,-3000,0,0,0,0,0,0,-3000,TPEx
2025-10-22,3597,映興,otc,56000,11000,45000,0,0,0,0,0,0,45000,TPEx
2025-10-22,3609,三一東林,otc,46000,11000,35000,0,0,0,0,0,0,35000,TPEx
2025-10-22,3611,鼎翰,otc,26000,1000,25000,0,0,0,0,0,0,25000,TPEx
2025-10-22,3615,安可,otc,56000,12000,44000,0,0,0,0,0,0,44000,TPEx
2025-10-22,3623,富晶通,otc,17000,2000,15000,0,0,0,0,0,0,15000,TPEx
2025-10-22,3624,光頡,otc,335000,642000,-307000,0,0,0,49574,2009,47565,-259435,TPEx
2025-10-22,3625,西勝,otc,873000,1848000,-975000,0,0,0,4032,4000,32,-974968,TPEx
2025-10-22,3628,盈正,otc,315000,142000,173000,0,0,0,40322,40000,322,173322,TPEx
2025-10-22,3630,新鉅科,otc,446000,774000,-328000,0,0,0,5744,166,5578,-322422,TPEx
2025-10-22,3631,晟楠,otc,35000,17000,18000,0,0,0,0,0,0,18000,TPEx
2025-10-22,3646,艾恩特,otc,5000,1000,4000,0,0,0,0,0,0,4000,TPEx
2025-10-22,3663,鑫科,otc,69000,41000,28000,0,0,0,1003,866,137,28137,TPEx
2025-10-22,3664,安瑞-KY,otc,0,1000,-1000,0,0,0,0,0,0,-1000,TPEx
2025-10-22,3672,康聯訊,otc,0,0,0,0,0,0,0,11000,-11000,-11000,TPEx
2025-10-22,3675,德微,otc,669200,735000,-65800,0,0,0,111598,72512,39086,-26714,TPEx
2025-10-22,3680,家登,otc,81000,167000,-86000,0,200,-200,23423,37062,-13639,-99839,TPEx
2025-10-22,3685,元創精密,otc,64000,736000,-672000,0,0,0,0,1916,-1916,-673916,TPEx
2025-10-22,3687,歐買尬,otc,190000,28000,162000,0,0,0,2000,9000,-7000,155000,TPEx
2025-10-22,3689,湧德,otc,612000,1078000,-466000,0,0,0,29940,46573,-16633,-482633,TPEx
2025-10-22,3691,碩禾,otc,29000,13000,16000,0,0,0,0,0,0,16000,TPEx
2025-10-22,3693,營邦,otc,162000,76000,86000,0,0,0,38878,4001,34877,120877,TPEx
2025-10-22,3707,漢磊,otc,5374520,6959974,-1585454,0,0,0,180494,240144,-59650,-1645104,TPEx
2025-10-22,3709,鑫聯大投控,otc,116000,290000,-174000,0,0,0,7000,0,7000,-167000,TPEx
2025-10-22,3710,連展投控,otc,232000,1000,231000,0,0,0,0,0,0,231000,TPEx
2025-10-22,3713,新晶投控,otc,1000,0,1000,0,0,0,0,0,0,1000,TPEx
2025-10-22,4102,永日,otc,7000,3000,4000,0,0,0,5000,5000,0,4000,TPEx
2025-10-22,4105,東洋,otc,237000,40000,197000,0,1000,-1000,88,0,88,196088,TPEx
2025-10-22,4107,邦特,otc,6000,18000,-12000,0,0,0,0,0,0,-12000,TPEx
2025-10-22,4109,加捷生醫,otc,50000,9000,41000,0,0,0,0,0,0,41000,TPEx
2025-10-22,4111,濟生,otc,18000,24550,-6550,0,0,0,0,0,0,-6550,TPEx
2025-10-22,4113,聯上,otc,26000,6000,20000,0,0,0,0,0,0,20000,TPEx
2025-10-22,4114,健喬,otc,466000,121000,345000,0,0,0,9000,0,9000,354000,TPEx
2025-10-22,4116,明基醫,otc,4000,2000,2000,0,0,0,7,0,7,2007,TPEx
2025-10-22,4120,友華,otc,3000,8000,-5000,0,0,0,0,0,0,-5000,TPEx
2025-10-22,4121,優盛,otc,23000,64000,-41000,0,0,0,0,0,0,-41000,TPEx
2025-10-22,4123,晟德,otc,191000,121000,70000,0,0,0,11510,21000,-9490,60510,TPEx
2025-10-22,4126,太醫,otc,0,9000,-9000,0,0,0,0,0,0,-9000,TPEx
2025-10-22,4127,天良,otc,1000,10000,-9000,0,0,0,1000,0,1000,-8000,TPEx
2025-10-22,4128,中天,otc,231000,190000,41000,0,0,0,476,5001,-4525,36475,TPEx
2025-10-22,4129,聯合,otc,20042,48000,-27958,0,0,0,1805,10691,-8886,-36844,TPEx
2025-10-22,4130,健亞,otc,68000,12000,56000,0,0,0,0,0,0,56000,TPEx
2025-10-22,4131,浩泰,otc,0,0,0,0,0,0,1,0,1,1,TPEx
2025-10-22,4138,曜亞,otc,4000,0,4000,0,0,0,0,0,0,4000,TPEx
2025-10-22,4139,馬光-KY,otc,8000,5000,3000,0,0,0,0,0,0,3000,TPEx
2025-10-22,4147,中裕,otc,372000,425000,-53000,0,0,0,2000,6935,-4935,-57935,TPEx
2025-10-22,4153,鈺緯,otc,3000,2000,1000,0,0,0,0,0,0,1000,TPEx
2025-10-22,4157,太景*-KY,otc,318000,158000,160000,0,0,0,0,0,0,160000,TPEx
2025-10-22,4160,訊聯基因,otc,22000,3291,18709,0,0,0,241,1000,-759,17950,TPEx
2025-10-22,4161,聿新科,otc,10000,5000,5000,0,0,0,188,0,188,5188,TPEx
2025-10-22,4162,智擎,otc,103000,46000,57000,0,0,0,28,0,28,57028,TPEx
2025-10-22,4166,友霖,otc,244000,19000,225000,0,0,0,0,0,0,225000,TPEx
2025-10-22,4167,松瑞藥,otc,154000,87000,67000,0,0,0,148,0,148,67148,TPEx
2025-10-22,4168,醣聯,otc,39000,72000,-33000,0,0,0,0,6,-6,-33006,TPEx
2025-10-22,4171,瑞基,otc,34000,1000,33000,0,0,0,8080,8007,73,33073,TPEx
2025-10-22,4173,久裕,otc,16000,7000,9000,0,0,0,0,0,0,9000,TPEx
2025-10-22,4174,浩鼎,otc,830000,117000,713000,0,0,0,0,0,0,713000,TPEx
2025-10-22,4175,杏一,otc,4000,0,4000,0,0,0,0,0,0,4000,TPEx
2025-10-22,4205,中華食,otc,4000,6350,-2350,0,0,0,0,0,0,-2350,TPEx
2025-10-22,4207,環泰,otc,13000,9000,4000,0,0,0,0,0,0,4000,TPEx
2025-10-22,4303,信立,otc,920200,692800,227400,0,0,0,125421,31202,94219,321619,TPEx
2025-10-22,4401,東隆興,otc,10000,7000,3000,0,0,0,0,0,0,3000,TPEx
2025-10-22,4402,郡都開發,otc,1000,0,1000,0,0,0,0,0,0,1000,TPEx
2025-10-22,4406,新昕纖,otc,0,1000,-1000,0,0,0,0,0,0,-1000,TPEx
2025-10-22,4413,飛寶企業,otc,0,0,0,0,0,0,52,2000,-1948,-1948,TPEx
2025-10-22,4417,金洲,otc,17000,2000,15000,0,0,0,0,0,0,15000,TPEx
2025-10-22,4420,光明,otc,5000,0,5000,0,0,0,1048,588,460,5460,TPEx
2025-10-22,4432,銘旺實,otc,2000,3000,-1000,0,0,0,0,0,0,-1000,TPEx
2025-10-22,4433,興采,otc,0,2000,-2000,0,0,0,1000,1301,-301,-2301,TPEx
2025-10-22,4442,竣邦-KY,otc,72000,32000,40000,0,0,0,5000,2000,3000,43000,TPEx
2025-10-22,4502,健信,otc,16000,6000,10000,0,0,0,0,0,0,10000,TPEx
2025-10-22,4503,金雨,otc,41000,46000,-5000,0,0,0,0,0,0,-5000,TPEx
2025-10-22,4506,崇友,otc,0,10000,-10000,0,0,0,0,0,0,-10000,TPEx
2025-10-22,4510,高鋒,otc,276000,230000,46000,0,0,0,682,571,111,46111,TPEx
2025-10-22,4513,福裕,otc,37000,26000,11000,0,0,0,1000,225,775,11775,TPEx
2025-10-22,4527,方土霖,otc,3000,0,3000,0,0,0,0,0,0,3000,TPEx
2025-10-22,4528,江興鍛,otc,0,1000,-1000,0,0,0,0,0,0,-1000,TPEx
2025-10-22,4530,宏易,otc,4000,0,4000,0,0,0,0,0,0,4000,TPEx
2025-10-22,4533,協易機,otc,310000,52000,258000,0,0,0,1000,1796,-796,257204,TPEx
2025-10-22,4534,慶騰,otc,20000,58000,-38000,0,0,0,0,162,-162,-38162,TPEx
2025-10-22,4535,至興,otc,3000,1000,2000,0,0,0,0,0,0,2000,TPEx
2025-10-22,4538,大詠城,otc,9000,1000,8000,0,0,0,0,0,0,8000,TPEx
2025-10-22,4541,晟田,otc,533000,854000,-321000,0,0,0,9845,866,8979,-312021,TPEx
2025-10-22,4542,科嶠,otc,9000,2000,7000,0,0,0,0,0,0,7000,TPEx
2025-10-22,4543,萬在,otc,43000,18650,24350,0,0,0,0,0,0,24350,TPEx
2025-10-22,4549,桓達,otc,82000,24000,58000,0,0,0,4386,2314,2072,60072,TPEx
2025-10-22,4550,長佳,otc,1000,1000,0,0,0,0,0,0,0,0,TPEx
2025-10-22,4554,橙的,otc,2000,3000,-1000,0,0,0,0,0,0,-1000,TPEx
2025-10-22,4556,旭然,otc,2000,4000,-2000,0,0,0,0,0,0,-2000,TPEx
2025-10-22,4558,寶緯,otc,7000,3000,4000,0,0,0,0,66,-66,3934,TPEx
2025-10-22,4561,健椿,otc,23000,39000,-16000,0,0,0,1,1,0,-16000,TPEx
2025-10-22,4563,百德,otc,62000,53000,9000,0,0,0,0,0,0,9000,TPEx
2025-10-22,4577,達航科技,otc,106000,95000,11000,0,0,0,4000,4320,-320,10680,TPEx
2025-10-22,4580,捷流閥業,otc,46000,11000,35000,0,0,0,0,3000,-3000,32000,TPEx
2025-10-22,4702,中美實,otc,20000,3000,17000,0,0,0,0,0,0,17000,TPEx
2025-10-22,4706,大恭,otc,3000,0,3000,0,0,0,0,0,0,3000,TPEx
2025-10-22,4707,磐亞,otc,42000,16000,26000,0,0,0,0,0,0,26000,TPEx
2025-10-22,4711,永純,otc,0,1000,-1000,0,0,0,0,64,-64,-1064,TPEx
2025-10-22,4714,永捷,otc,551000,154000,397000,0,0,0,106,660,-554,396446,TPEx
2025-10-22,4716,大立,otc,28000,41000,-13000,0,0,0,0,0,0,-13000,TPEx
2025-10-22,4721,美琪瑪,otc,146000,199000,-53000,0,0,0,1299,3180,-1881,-54881,TPEx
2025-10-22,4726,永昕,otc,40000,0,40000,0,0,0,0,0,0,40000,TPEx
2025-10-22,4729,熒茂,otc,83000,6000,77000,0,0,0,0,0,0,77000,TPEx
2025-10-22,4735,豪展,otc,1000,0,1000,0,0,0,0,0,0,1000,TPEx
2025-10-22,4741,泓瀚,otc,14000,4000,10000,0,0,0,0,0,0,10000,TPEx
2025-10-22,4743,合一,otc,459000,296000,163000,0,0,0,10047,1000,9047,172047,TPEx
2025-10-22,4744,皇將,otc,283000,204000,79000,0,0,0,2000,0,2000,81000,TPEx
2025-10-22,4745,合富-KY,otc,5000,4000,1000,0,0,0,0,0,0,1000,TPEx
2025-10-22,4747,強生,otc,1000,1000,0,0,0,0,0,0,0,0,TPEx
2025-10-22,4749,新應材,otc,210065,334513,-124448,2000,114000,-112000,64012,65835,-1823,-238271,TPEx
2025-10-22,4760,勤凱,otc,112000,133000,-21000,0,0,0,30000,5194,24806,3806,TPEx
2025-10-22,4767,誠泰科技,otc,4000,2000,2000,0,0,0,0,0,0,2000,TPEx
2025-10-22,4768,晶呈科技,otc,67000,72000,-5000,0,0,0,1000,2358,-1358,-6358,TPEx
2025-10-22,4772,台特化,otc,305000,442021,-137021,0,0,0,40558,91236,-50678,-187699,TPEx
2025-10-22,4903,聯光通,otc,47000,187000,-140000,0,0,0,0,0,0,-140000,TPEx
2025-10-22,4907,富宇,otc,9000,2000,7000,0,0,0,0,0,0,7000,TPEx
2025-10-22,4908,前鼎,otc,31000,46000,-15000,0,0,0,1300,3259,-1959,-16959,TPEx
2025-10-22,4909,新復興,otc,219000,73000,146000,0,0,0,133,1776,-1643,144357,TPEx
2025-10-22,4911,德英,otc,19000,16000,3000,0,0,0,0,0,0,3000,TPEx
2025-10-22,4923,力士,otc,4000,1000,3000,0,0,0,0,0,0,3000,TPEx
2025-10-22,4924,欣厚-KY,otc,11000,0,11000,0,0,0,0,0,0,11000,TPEx
2025-10-22,4931,新盛力,otc,1898000,1870000,28000,0,0,0,54782,42373,12409,40409,TPEx
2025-10-22,4933,友輝,otc,78000,36000,42000,0,0,0,256,1000,-744,41256,TPEx
2025-10-22,4939,亞電,otc,106000,315000,-209000,0,0,0,0,0,0,-209000,TPEx
2025-10-22,4946,辣椒,otc,0,9000,-9000,0,0,0,0,19,-19,-9019,TPEx
2025-10-22,4951,精拓科,otc,16000,17000,-1000,0,0,0,0,0,0,-1000,TPEx
2025-10-22,4953,緯軟,otc,105000,99000,6000,0,1421,-1421,20000,20000,0,4579,TPEx
2025-10-22,4966,譜瑞-KY,otc,461500,559380,-97880,2000,0,2000,32501,19985,12516,-83364,TPEx
2025-10-22,4971,IET-KY,otc,95000,216000,-121000,0,0,0,1553,46061,-44508,-165508,TPEx
2025-10-22,4972,湯石照明,otc,2000,1000,1000,0,0,0,0,0,0,1000,TPEx
2025-10-22,4973,廣穎,otc,627000,678000,-51000,0,0,0,4000,3495,505,-50495,TPEx
2025-10-22,4974,亞泰,otc,30000,26000,4000,0,0,0,1000,136,864,4864,TPEx
2025-10-22,4979,華星光,otc,649000,1377000,-728000,0,6000,-6000,14000,58506,-44506,-778506,TPEx
2025-10-22,4987,科誠,otc,1000,11000,-10000,0,0,0,0,6,-6,-10006,TPEx
2025-10-22,4991,環宇-KY,otc,805000,1053000,-248000,0,0,0,14959,4773,10186,-237814,TPEx
2025-10-22,4995,晶達,otc,15000,3000,12000,0,0,0,0,0,0,12000,TPEx
2025-10-22,5009,榮剛,otc,1102000,61000,1041000,0,4000,-4000,61147,15166,45981,1082981,TPEx
2025-10-22,5011,久陽,otc,22000,4000,18000,0,0,0,0,0,0,18000,TPEx
2025-10-22,5013,強新,otc,2000,3000,-1000,0,0,0,0,0,0,-1000,TPEx
2025-10-22,5014,建錩,otc,84000,66000,18000,0,0,0,0,117,-117,17883,TPEx
2025-10-22,5015,華祺,otc,0,1000,-1000,0,0,0,0,0,0,-1000,TPEx
2025-10-22,5201,凱衛,otc,97000,186000,-89000,0,0,0,0,71,-71,-89071,TPEx
2025-10-22,5202,力新,otc,59000,9000,50000,0,0,0,0,0,0,50000,TPEx
2025-10-22,5206,坤悅,otc,4000,0,4000,0,0,0,0,0,0,4000,TPEx
2025-10-22,5209,新鼎,otc,10000,13000,-3000,0,0,0,0,0,0,-3000,TPEx
2025-10-22,5210,寶碩,otc,7000,4000,3000,0,0,0,0,0,0,3000,TPEx
2025-10-22,5211,蒙恬,otc,11000,3000,8000,0,0,0,0,0,0,8000,TPEx
2025-10-22,5213,亞昕,otc,146000,3000,143000,0,0,0,0,0,0,143000,TPEx
2025-10-22,5220,萬達光電,otc,1000,0,1000,0,0,0,0,0,0,1000,TPEx
2025-10-22,5223,安力-KY,otc,0,3000,-3000,0,0,0,0,0,0,-3000,TPEx
2025-10-22,5227,立凱-KY,otc,13000,3000,10000,0,0,0,0,0,0,10000,TPEx
2025-10-22,5228,鈺鎧,otc,66000,70000,-4000,0,0,0,0,0,0,-4000,TPEx
2025-10-22,5230,雷笛克光學,otc,65000,2000,63000,0,0,0,0,0,0,63000,TPEx
2025-10-22,5236,凌陽創新,otc,60000,40000,20000,0,0,0,12856,3872,8984,28984,TPEx
2025-10-22,5245,智晶,otc,11000,6000,5000,0,0,0,0,471,-471,4529,TPEx
2025-10-22,5251,天鉞電,otc,115150,69000,46150,0,0,0,3000,2498,502,46652,TPEx
2025-10-22,5263,智崴,otc,262000,229000,33000,0,0,0,3823,1102,2721,35721,TPEx
2025-10-22,5272,笙科,otc,18000,5000,13000,0,0,0,0,0,0,13000,TPEx
2025-10-22,5274,信驊,otc,92406,101008,-8602,0,9200,-9200,2168,1394,774,-17028,TPEx
2025-10-22,5278,尚凡*,otc,129000,309000,-180000,0,0,0,10000,0,10000,-170000,TPEx
2025-10-22,5287,數字,otc,1000,3000,-2000,0,0,0,0,0,0,-2000,TPEx
2025-10-22,5289,宜鼎,otc,1065500,1579573,-514073,0,105000,-105000,63300,103694,-40394,-659467,TPEx
2025-10-22,5299,杰力,otc,207000,377000,-170000,0,0,0,1000,1446,-446,-170446,TPEx
2025-10-22,5301,寶得利,otc,0,0,0,0,0,0,0,1,-1,-1,TPEx
2025-10-22,5302,太欣,otc,9000,1000,8000,0,0,0,0,0,0,8000,TPEx
2025-10-22,5309,系統電,otc,4751000,8152500,-3401500,0,0,0,411979,49034,362945,-3038555,TPEx
2025-10-22,5312,寶島科,otc,27000,10000,17000,0,0,0,1119,0,1119,18119,TPEx
2025-10-22,5314,世紀*,otc,836100,1376371,-540271,0,0,0,32557,37742,-5185,-545456,TPEx
2025-10-22,5315,光聯,otc,87000,77000,10000,0,0,0,0,0,0,10000,TPEx
2025-10-22,5321,美而快,otc,1000,3000,-2000,0,0,0,0,0,0,-2000,TPEx
2025-10-22,5324,士開,otc,10000,0,10000,0,0,0,0,0,0,10000,TPEx
2025-10-22,5328,華容,otc,5296200,5936000,-639800,0,0,0,11009,131485,-120476,-760276,TPEx
2025-10-22,5340,建榮,otc,361000,759000,-398000,0,0,0,34241,7060,27181,-370819,TPEx
2025-10-22,5344,立衛,otc,9000,0,9000,0,0,0,0,0,0,9000,TPEx
2025-10-22,5347,世界,otc,2165490,2120400,45090,480000,744536,-264536,72827,218789,-145962,-365408,TPEx
2025-10-22,5351,鈺創,otc,1403000,1906000,-503000,0,0,0,0,51,-51,-503051,TPEx
2025-10-22,5353,台林,otc,2000,0,2000,0,0,0,0,0,0,2000,TPEx
2025-10-22,5355,佳總,otc,36000,55000,-19000,0,0,0,5000,5226,-226,-19226,TPEx
2025-10-22,5356,協益,otc,6000,20000,-14000,0,0,0,0,0,0,-14000,TPEx
2025-10-22,5364,力麗店,otc,2000,0,2000,0,0,0,0,0,0,2000,TPEx
2025-10-22,5371,中光電,otc,3335100,4028000,-692900,0,7454,-7454,398012,1834657,-1436645,-2136999,TPEx
2025-10-22,5381,合正,otc,122000,23000,99000,0,0,0,0,0,0,99000,TPEx
2025-10-22,5386,青雲,otc,810000,381000,429000,0,0,0,3176,2,3174,432174,TPEx
2025-10-22,5392,能率,otc,6682000,9437000,-2755000,0,0,0,193269,151006,42263,-2712737,TPEx
2025-10-22,5398,慕康生醫,otc,0,27000,-27000,0,0,0,0,0,0,-27000,TPEx
2025-10-22,5403,中菲,otc,7000,2000,5000,0,0,0,0,0,0,5000,TPEx
2025-10-22,5410,國眾,otc,272000,71000,201000,0,0,0,13,0,13,201013,TPEx
2025-10-22,5425,台半,otc,11965000,7686495,4278505,0,2930,-2930,1518736,1019654,499082,4774657,TPEx
2025-10-22,5426,振發,otc,169000,32000,137000,0,0,0,301,3,298,137298,TPEx
2025-10-22,5432,新門,otc,99000,157000,-58000,0,0,0,3000,2522,478,-57522,TPEx
2025-10-22,5438,東友,otc,56000,61000,-5000,0,0,0,0,30,-30,-5030,TPEx
2025-10-22,5439,高技,otc,350000,595000,-245000,0,0,0,49491,45859,3632,-241368,TPEx
2025-10-22,5443,均豪,otc,508050,627030,-118980,0,0,0,19311,36335,-17024,-136004,TPEx
2025-10-22,5450,南良,otc,0,13000,-13000,0,0,0,1,0,1,-12999,TPEx
2025-10-22,5452,佶優,otc,148000,69000,79000,0,0,0,0,10,-10,78990,TPEx
2025-10-22,5457,宣德,otc,244000,113000,131000,0,0,0,21252,8308,12944,143944,TPEx
2025-10-22,5460,同協,otc,6000,1000,5000,0,0,0,0,0,0,5000,TPEx
2025-10-22,5464,霖宏,otc,4000,6000,-2000,0,0,0,0,0,0,-2000,TPEx
2025-10-22,5465,富驊,otc,52000,39000,13000,0,0,0,56,102,-46,12954,TPEx
2025-10-22,5474,聰泰,otc,56000,50000,6000,0,0,0,561,5065,-4504,1496,TPEx
2025-10-22,5475,德宏,otc,14005,147000,-132995,0,0,0,0,16000,-16000,-148995,TPEx
2025-10-22,5478,智冠,otc,30000,6000,24000,0,0,0,1000,0,1000,25000,TPEx
2025-10-22,5481,新華,otc,8000,16000,-8000,0,0,0,0,0,0,-8000,TPEx
2025-10-22,5483,中美晶,otc,2488000,2681050,-193050,14000,56556,-42556,186728,430437,-243709,-479315,TPEx
2025-10-22,5487,通泰,otc,0,1000,-1000,0,0,0,0,0,0,-1000,TPEx
2025-10-22,5488,松普,otc,2000,1000,1000,0,0,0,0,0,0,1000,TPEx
2025-10-22,5489,彩富,otc,14000,5000,9000,0,0,0,0,0,0,9000,TPEx
2025-10-22,5490,同亨,otc,205000,142000,63000,0,0,0,1074,0,1074,64074,TPEx
2025-10-22,5493,三聯,otc,44000,45000,-1000,0,0,0,832,1161,-329,-1329,TPEx
2025-10-22,5498,凱崴,otc,1498000,1205000,293000,0,0,0,46896,0,46896,339896,TPEx
2025-10-22,5508,永信建,otc,176000,178000,-2000,0,0,0,2350,1691,659,-1341,TPEx
2025-10-22,5511,德昌,otc,34000,1000,33000,0,0,0,0,0,0,33000,TPEx
2025-10-22,5512,力麒,otc,233000,30000,203000,0,0,0,0,0,0,203000,TPEx
2025-10-22,5520,力泰,otc,0,1000,-1000,0,0,0,0,0,0,-1000,TPEx
2025-10-22,5529,鉅陞,otc,2000,0,2000,0,0,0,0,0,0,2000,TPEx
2025-10-22,5530,龍巖,otc,56000,15000,41000,0,0,0,15000,17000,-2000,39000,TPEx
2025-10-22,5536,聖暉*,otc,501705,1059777,-558072,35000,860000,-825000,150301,197861,-47560,-1430632,TPEx
2025-10-22,5543,桓鼎-KY,otc,0,0,0,0,0,0,16000,0,16000,16000,TPEx
2025-10-22,5548,安倉,otc,4000,1000,3000,0,0,0,0,5000,-5000,-2000,TPEx
2025-10-22,5603,陸海,otc,27000,1000,26000,0,0,0,0,0,0,26000,TPEx
2025-10-22,5604,中連,otc,2000,4000,-2000,0,0,0,0,0,0,-2000,TPEx
2025-10-22,5609,中菲行,otc,41000,2000,39000,0,0,0,0,0,0,39000,TPEx
2025-10-22,5703,亞都,otc,0,1000,-1000,0,0,0,0,0,0,-1000,TPEx
2025-10-22,5864,致和證,otc,252000,103000,149000,0,0,0,0,0,0,149000,TPEx
2025-10-22,5902,德記,otc,0,1000,-1000,0,0,0,0,4,-4,-1004,TPEx
2025-10-22,5903,全家,otc,6000,5000,1000,0,0,0,0,0,0,1000,TPEx
2025-10-22,5904,寶雅,otc,34000,59259,-25259,0,2140,-2140,1000,6983,-5983,-33382,TPEx
2025-10-22,5905,南仁湖,otc,166000,24000,142000,0,0,0,0,426,-426,141574,TPEx
2025-10-22,6015,宏遠證,otc,5000,7000,-2000,0,0,0,0,0,0,-2000,TPEx
2025-10-22,6016,康和證,otc,233000,50000,183000,0,0,0,0,0,0,183000,TPEx
2025-10-22,6021,美好證,otc,4000,0,4000,0,0,0,0,0,0,4000,TPEx
2025-10-22,6023,元大期,otc,36000,1000,35000,0,0,0,0,0,0,35000,TPEx
2025-10-22,6026,福邦證,otc,106000,9000,97000,0,0,0,0,0,0,97000,TPEx
2025-10-22,6101,寬魚國際,otc,2000,6000,-4000,0,0,0,0,0,0,-4000,TPEx
2025-10-22,6104,創惟,otc,219000,166000,53000,0,0,0,3159,2190,969,53969,TPEx
2025-10-22,6109,亞元,otc,31000,49000,-18000,0,0,0,11107,0,11107,-6893,TPEx
2025-10-22,6111,大宇資,otc,88808,31000,57808,0,0,0,28138,14454,13684,71492,TPEx
2025-10-22,6113,亞矽,otc,23000,6000,17000,0,0,0,0,0,0,17000,TPEx
2025-10-22,6114,久威,otc,26000,5000,21000,0,0,0,0,0,0,21000,TPEx
2025-10-22,6118,建達,otc,59000,44000,15000,0,0,0,0,0,0,15000,TPEx
2025-10-22,6121,新普,otc,253500,346000,-92500,81000,61172,19828,2198,18421,-16223,-88895,TPEx
2025-10-22,6122,擎邦,otc,36000,23000,13000,0,0,0,0,1296,-1296,11704,TPEx
2025-10-22,6123,上奇,otc,23000,9000,14000,0,0,0,1000,17098,-16098,-2098,TPEx
2025-10-22,6124,業強,otc,0,5000,-5000,0,0,0,0,0,0,-5000,TPEx
2025-10-22,6125,廣運,otc,376000,190000,186000,0,0,0,2078,12440,-10362,175638,TPEx
2025-10-22,6126,信音,otc,212000,164000,48000,0,0,0,0,10000,-10000,38000,TPEx
2025-10-22,6127,九豪,otc,606000,765500,-159500,0,0,0,21012,45016,-24004,-183504,TPEx
2025-10-22,6129,普誠,otc,70000,100000,-30000,0,0,0,0,1,-1,-30001,TPEx
2025-10-22,6130,上亞科技,otc,46000,15000,31000,0,0,0,0,0,0,31000,TPEx
2025-10-22,6134,萬旭,otc,38000,33000,5000,0,0,0,0,0,0,5000,TPEx
2025-10-22,6138,茂達,otc,330000,190000,140000,0,2872,-2872,9346,16420,-7074,130054,TPEx
2025-10-22,6140,訊達,otc,101000,29000,72000,0,0,0,0,0,0,72000,TPEx
2025-10-22,6143,振曜,otc,340000,1236000,-896000,0,0,0,164796,94119,70677,-825323,TPEx
2025-10-22,6144,得利影,otc,2000,0,2000,0,0,0,0,0,0,2000,TPEx
2025-10-22,6146,耕興,otc,44000,35000,9000,0,1000,-1000,1757,0,1757,9757,TPEx
2025-10-22,6147,頎邦,otc,609000,951000,-342000,0,78780,-78780,44166,65412,-21246,-442026,TPEx
2025-10-22,6148,驊宏資,otc,165000,64000,101000,0,0,0,0,0,0,101000,TPEx
2025-10-22,6150,撼訊,otc,221000,250000,-29000,0,0,0,8890,12674,-3784,-32784,TPEx
2025-10-22,6151,晉倫,otc,3000,1000,2000,0,0,0,0,0,0,2000,TPEx
2025-10-22,6154,順發,otc,2000,1000,1000,0,0,0,0,0,0,1000,TPEx
2025-10-22,6156,松上,otc,19000,71000,-52000,0,0,0,0,0,0,-52000,TPEx
2025-10-22,6158,禾昌,otc,1000,2000,-1000,0,0,0,0,0,0,-1000,TPEx
2025-10-22,6160,欣技,otc,37000,12000,25000,0,0,0,1000,573,427,25427,TPEx
2025-10-22,6161,捷波,otc,102000,61000,41000,0,0,0,0,0,0,41000,TPEx
2025-10-22,6163,華電網,otc,317000,71000,246000,0,0,0,1,0,1,246001,TPEx
2025-10-22,6167,久正,otc,166127,63000,103127,0,0,0,0,0,0,103127,TPEx
2025-10-22,6169,昱泉,otc,0,1000,-1000,0,0,0,655,1000,-345,-1345,TPEx
2025-10-22,6170,統振,otc,56000,5000,51000,0,0,0,0,0,0,51000,TPEx
2025-10-22,6171,大城地產,otc,1000,1000,0,0,0,0,0,0,0,0,TPEx
2025-10-22,6173,信昌電,otc,4773025,5757000,-983975,0,0,0,426622,451800,-25178,-1009153,TPEx
2025-10-22,6174,安碁,otc,35000,7000,28000,0,0,0,0,0,0,28000,TPEx
2025-10-22,6175,立敦,otc,1751000,2411000,-660000,0,0,0,108146,17059,91087,-568913,TPEx
2025-10-22,6179,亞通,otc,162000,227000,-65000,0,0,0,0,127,-127,-65127,TPEx
2025-10-22,6180,橘子,otc,260000,303500,-43500,0,4829,-4829,0,0,0,-48329,TPEx
2025-10-22,6182,合晶,otc,16408520,23356015,-6947495,0,1000,-1000,1089804,1428510,-338706,-7287201,TPEx
2025-10-22,6185,幃翔,otc,130000,39000,91000,0,0,0,0,0,0,91000,TPEx
2025-10-22,6186,新潤,otc,86000,34000,52000,0,0,0,0,186,-186,51814,TPEx
2025-10-22,6187,萬潤,otc,178700,812000,-633300,0,200,-200,76194,93981,-17787,-651287,TPEx
2025-10-22,6188,廣明,otc,642000,469000,173000,0,0,0,52034,104294,-52260,120740,TPEx
2025-10-22,6190,萬泰科,otc,345000,858000,-513000,0,0,0,10752,23139,-12387,-525387,TPEx
2025-10-22,6194,育富,otc,173000,138000,35000,0,0,0,3000,0,3000,38000,TPEx
2025-10-22,6195,詩肯,otc,2000,2000,0,0,0,0,0,0,0,0,TPEx
2025-10-22,6199,天品,otc,15000,6000,9000,0,0,0,0,0,0,9000,TPEx
2025-10-22,6203,海韻電,otc,31000,2000,29000,0,0,0,0,1000,-1000,28000,TPEx
2025-10-22,6204,艾華,otc,121000,153000,-32000,0,0,0,2000,1247,753,-31247,TPEx
2025-10-22,6207,雷科,otc,148000,139000,9000,0,0,0,1537,3857,-2320,6680,TPEx
2025-10-22,6210,慶生,otc,86000,92000,-6000,0,0,0,19,0,19,-5981,TPEx
2025-10-22,6212,理銘,otc,1000,0,1000,0,0,0,0,0,0,1000,TPEx
2025-10-22,6217,中探針,otc,2366000,1468000,898000,0,0,0,5389,41520,-36131,861869,TPEx
2025-10-22,6218,豪勉,otc,1000,0,1000,0,0,0,1000,571,429,1429,TPEx
2025-10-22,6219,富旺,otc,58000,106000,-48000,0,0,0,0,0,0,-48000,TPEx
2025-10-22,6220,岳豐,otc,4000,9000,-5000,0,0,0,0,0,0,-5000,TPEx
2025-10-22,6221,晉泰,otc,174000,24992,149008,0,0,0,0,0,0,149008,TPEx
2025-10-22,6223,旺矽,otc,239250,385500,-146250,153000,61000,92000,39583,50644,-11061,-65311,TPEx
2025-10-22,6227,茂綸,otc,37000,68000,-31000,0,0,0,1200,2510,-1310,-32310,TPEx
2025-10-22,6228,全譜,otc,0,2000,-2000,0,0,0,0,0,0,-2000,TPEx
2025-10-22,6229,研通,otc,4000,7000,-3000,0,0,0,0,0,0,-3000,TPEx
2025-10-22,6231,系微,otc,85000,151000,-66000,0,0,0,36861,3645,33216,-32784,TPEx
2025-10-22,6233,旺玖,otc,19000,15000,4000,0,0,0,0,0,0,4000,TPEx
2025-10-22,6234,高僑,otc,58000,60000,-2000,0,0,0,6000,6000,0,-2000,TPEx
2025-10-22,6237,驊訊,otc,46000,34000,12000,0,0,0,0,4,-4,11996,TPEx
2025-10-22,6240,松崗,otc,7000,4000,3000,0,0,0,0,0,0,3000,TPEx
2025-10-22,6244,茂迪,otc,673100,530000,143100,0,0,0,43056,25000,18056,161156,TPEx
2025-10-22,6245,立端,otc,180000,74000,106000,0,4801,-4801,2287,9004,-6717,94482,TPEx
2025-10-22,6246,臺龍,otc,0,0,0,0,0,0,1,0,1,1,TPEx
2025-10-22,6248,沛波,otc,29000,3000,26000,0,0,0,0,0,0,26000,TPEx
2025-10-22,6261,久元,otc,42000,8000,34000,0,0,0,0,0,0,34000,TPEx
2025-10-22,6263,普萊德,otc,11000,35060,-24060,0,0,0,0,425,-425,-24485,TPEx
2025-10-22,6264,富裔,otc,3000,4000,-1000,0,0,0,0,0,0,-1000,TPEx
2025-10-22,6265,方土昶,otc,721000,298000,423000,0,0,0,0,0,0,423000,TPEx
2025-10-22,6266,泰詠,otc,66000,0,66000,0,0,0,0,0,0,66000,TPEx
2025-10-22,6270,倍微,otc,5000,3000,2000,0,0,0,0,0,0,2000,TPEx
2025-10-22,6274,台燿,otc,919000,1090507,-171507,306000,277000,29000,60701,45863,14838,-127669,TPEx
2025-10-22,6275,元山,otc,68000,27000,41000,0,0,0,0,0,0,41000,TPEx
2025-10-22,6276,安鈦克,otc,2000,6000,-4000,0,0,0,9,0,9,-3991,TPEx
2025-10-22,6279,胡連,otc,180000,327000,-147000,0,0,0,52903,1448,51455,-95545,TPEx
2025-10-22,6284,佳邦,otc,664000,380000,284000,0,0,0,3598,2851,747,284747,TPEx
2025-10-22,6290,良維,otc,4116120,5124000,-1007880,0,2000,-2000,469270,284389,184881,-824999,TPEx
2025-10-22,6291,沛亨,otc,89000,220000,-131000,0,0,0,3000,33698,-30698,-161698,TPEx
2025-10-22,6292,迅德,otc,50000,124000,-74000,0,0,0,0,0,0,-74000,TPEx
2025-10-22,6294,智基,otc,5000,18000,-13000,0,0,0,3000,3000,0,-13000,TPEx
2025-10-22,6411,晶焱,otc,1003000,1198000,-195000,0,0,0,111470,23382,88088,-106912,TPEx
2025-10-22,6417,韋僑,otc,12000,14000,-2000,0,0,0,1000,0,1000,-1000,TPEx
2025-10-22,6418,詠昇,otc,421000,441000,-20000,0,0,0,0,205000,-205000,-225000,TPEx
2025-10-22,6419,京晨科,otc,3000,0,3000,0,0,0,0,0,0,3000,TPEx
2025-10-22,6425,易發,otc,39000,37000,2000,0,0,0,61,0,61,2061,TPEx
2025-10-22,6432,今展科,otc,89000,90000,-1000,0,0,0,0,0,0,-1000,TPEx
2025-10-22,6435,大中,otc,140000,100000,40000,0,0,0,10000,4387,5613,45613,TPEx
2025-10-22,6441,廣錠,otc,10000,1000,9000,0,0,0,0,587,-587,8413,TPEx
2025-10-22,6461,益得,otc,7000,2000,5000,0,0,0,0,0,0,5000,TPEx
2025-10-22,6462,神盾,otc,5441000,2961000,2480000,0,0,0,195713,205078,-9365,2470635,TPEx
2025-10-22,6465,威潤,otc,0,5000,-5000,0,0,0,138,0,138,-4862,TPEx
2025-10-22,6469,大樹,otc,217336,84882,132454,0,0,0,16513,16101,412,132866,TPEx
2025-10-22,6470,宇智,otc,10000,4000,6000,0,0,0,0,0,0,6000,TPEx
2025-10-22,6482,弘煜科,otc,37000,0,37000,0,0,0,0,0,0,37000,TPEx
2025-10-22,6485,點序,otc,407000,332000,75000,0,0,0,4000,3838,162,75162,TPEx
2025-10-22,6486,互動,otc,11000,14000,-3000,0,0,0,2000,1812,188,-2812,TPEx
2025-10-22,6488,環球晶,otc,1668867,1388483,280384,246000,1000,245000,113375,193062,-79687,445697,TPEx
2025-10-22,6492,生華科,otc,327000,235000,92000,0,0,0,0,1002,-1002,90998,TPEx
2025-10-22,6494,九齊,otc,23000,8000,15000,0,0,0,0,0,0,15000,TPEx
2025-10-22,6496,科懋,otc,4000,6000,-2000,0,0,0,0,0,0,-2000,TPEx
2025-10-22,6498,久禾光,otc,10000,1000,9000,0,0,0,0,185,-185,8815,TPEx
2025-10-22,6499,益安,otc,41000,179000,-138000,0,0,0,38000,0,38000,-100000,TPEx
2025-10-22,6506,雙邦,otc,5000,1000,4000,0,0,0,0,0,0,4000,TPEx
2025-10-22,6508,惠光,otc,8000,1000,7000,0,0,0,0,0,0,7000,TPEx
2025-10-22,6509,聚和,otc,54000,23000,31000,0,0,0,0,66,-66,30934,TPEx
2025-10-22,6510,精測,otc,154530,109000,45530,0,25000,-25000,8161,13104,-4943,15587,TPEx
2025-10-22,6516,勤崴國際,otc,14000,5000,9000,0,0,0,0,0,0,9000,TPEx
2025-10-22,6517,保勝光學,otc,217000,221000,-4000,0,0,0,5053,5372,-319,-4319,TPEx
2025-10-22,6523,達爾膚,otc,9000,0,9000,0,0,0,0,0,0,9000,TPEx
2025-10-22,6530,創威,otc,115000,198000,-83000,0,0,0,2000,1266,734,-82266,TPEx
2025-10-22,6532,瑞耘,otc,25000,3000,22000,0,0,0,0,17,-17,21983,TPEx
2025-10-22,6535,順藥,otc,187000,551000,-364000,0,0,0,63000,5591,57409,-306591,TPEx
2025-10-22,6538,倉和,otc,16000,8000,8000,0,323,-323,0,0,0,7677,TPEx
2025-10-22,6542,隆中,otc,1000,10000,-9000,0,0,0,0,0,0,-9000,TPEx
2025-10-22,6546,正基,otc,38000,36000,2000,0,0,0,1,450,-449,1551,TPEx
2025-10-22,6547,高端疫苗,otc,633000,552000,81000,0,0,0,57375,61001,-3626,77374,TPEx
2025-10-22,6548,長科*,otc,493000,243000,250000,0,2000,-2000,2000,0,2000,250000,TPEx
2025-10-22,6560,欣普羅,otc,21000,13000,8000,0,0,0,0,0,0,8000,TPEx
2025-10-22,6561,是方,otc,83000,172003,-89003,0,0,0,1000,1000,0,-89003,TPEx
2025-10-22,6568,宏觀,otc,29000,16000,13000,0,0,0,202,1000,-798,12202,TPEx
2025-10-22,6569,醫揚,otc,9000,3000,6000,0,0,0,0,12,-12,5988,TPEx
2025-10-22,6570,維田,otc,1000,1000,0,0,0,0,0,1000,-1000,-1000,TPEx
2025-10-22,6576,逸達,otc,8000,50000,-42000,0,0,0,0,1,-1,-42001,TPEx
2025-10-22,6577,勁豐,otc,10000,2000,8000,0,0,0,0,0,0,8000,TPEx
2025-10-22,6578,達邦蛋白,otc,309000,385000,-76000,0,0,0,583183,583000,183,-75817,TPEx
2025-10-22,6584,南俊國際,otc,1776000,1340000,436000,214000,0,214000,128129,138709,-10580,639420,TPEx
2025-10-22,6590,普鴻,otc,1000,0,1000,0,0,0,0,0,0,1000,TPEx
2025-10-22,6593,台灣銘板,otc,28000,19000,9000,0,0,0,0,0,0,9000,TPEx
2025-10-22,6596,寬宏藝術,otc,106000,78000,28000,0,0,0,5966,4963,1003,29003,TPEx
2025-10-22,6597,立誠,otc,0,2000,-2000,0,0,0,0,0,0,-2000,TPEx
2025-10-22,6603,富強鑫,otc,518000,869000,-351000,0,0,0,8000,238,7762,-343238,TPEx
2025-10-22,6609,瀧澤科,otc,57000,89000,-32000,0,0,0,68,0,68,-31932,TPEx
2025-10-22,6612,奈米醫材,otc,2000,5000,-3000,0,0,0,0,0,0,-3000,TPEx
2025-10-22,6613,朋億*,otc,13000,44000,-31000,0,1295,-1295,1067,0,1067,-31228,TPEx
2025-10-22,6616,特昇-KY,otc,1000,0,1000,0,0,0,0,0,0,1000,TPEx
2025-10-22,6617,共信-KY,otc,70000,5000,65000,0,0,0,0,0,0,65000,TPEx
2025-10-22,6629,泰金-KY,otc,30000,10000,20000,0,0,0,110,1000,-890,19110,TPEx
2025-10-22,6637,醫影,otc,11000,0,11000,0,0,0,0,0,0,11000,TPEx
2025-10-22,6640,均華,otc,125130,79000,46130,0,127000,-127000,8398,10404,-2006,-82876,TPEx
2025-10-22,6642,富致,otc,49000,8000,41000,0,0,0,0,0,0,41000,TPEx
2025-10-22,6643,M31,otc,77000,90000,-13000,0,0,0,12591,2444,10147,-2853,TPEx
2025-10-22,6649,台生材,otc,396000,272000,124000,0,0,0,0,0,0,124000,TPEx
2025-10-22,6651,全宇昕,otc,109000,212000,-103000,0,0,0,9000,96,8904,-94096,TPEx
2025-10-22,6654,天正國際,otc,19000,4000,15000,0,0,0,497,0,497,15497,TPEx
2025-10-22,6664,群翊,otc,109000,101000,8000,0,0,0,15369,2099,13270,21270,TPEx
2025-10-22,6667,信紘科,otc,53000,292054,-239054,0,0,0,20000,27396,-7396,-246450,TPEx
2025-10-22,6679,鈺太,otc,53000,42000,11000,0,0,0,552,3696,-3144,7856,TPEx
2025-10-22,6683,雍智科技,otc,66000,93000,-27000,0,0,0,15152,31201,-16049,-43049,TPEx
2025-10-22,6684,安格,otc,497000,604000,-107000,0,0,0,3000,4511,-1511,-108511,TPEx
2025-10-22,6690,安碁資訊,otc,11000,4000,7000,0,0,0,0,0,0,7000,TPEx
2025-10-22,6692,進能服,otc,13000,0,13000,0,0,0,0,0,0,13000,TPEx
2025-10-22,6693,廣閎科,otc,24000,21000,3000,0,0,0,2000,2000,0,3000,TPEx
2025-10-22,6703,軒郁,otc,82000,11000,71000,0,0,0,1000,1205,-205,70795,TPEx
2025-10-22,6712,長聖,otc,43000,135300,-92300,0,0,0,3077,1000,2077,-90223,TPEx
2025-10-22,6716,應廣,otc,12000,2000,10000,0,0,0,90,0,90,10090,TPEx
2025-10-22,6720,久昌,otc,6000,10000,-4000,0,0,0,11000,0,11000,7000,TPEx
2025-10-22,6727,亞泰金屬,otc,167000,147000,20000,0,0,0,6000,0,6000,26000,TPEx
2025-10-22,6728,上洋,otc,35000,5000,30000,0,0,0,2000,2000,0,30000,TPEx
2025-10-22,6732,昇佳電子,otc,46000,67000,-21000,0,0,0,3509,5325,-1816,-22816,TPEx
2025-10-22,6733,博晟生醫,otc,123000,105000,18000,0,0,0,0,0,0,18000,TPEx
2025-10-22,6735,美達科技,otc,71000,23000,48000,0,0,0,1015,6,1009,49009,TPEx
2025-10-22,6739,竹陞科技,otc,63064,72000,-8936,0,0,0,4030,6077,-2047,-10983,TPEx
2025-10-22,6741,91APP*-KY,otc,53010,108000,-54990,0,0,0,7000,0,7000,-47990,TPEx
2025-10-22,6752,叡揚,otc,9000,16000,-7000,0,0,0,0,103,-103,-7103,TPEx
2025-10-22,6761,穩得,otc,322000,467000,-145000,0,0,0,39840,33062,6778,-138222,TPEx
2025-10-22,6762,達亞,otc,3000,0,3000,0,0,0,0,0,0,3000,TPEx
2025-10-22,6763,綠界科技*,otc,395000,75000,320000,0,0,0,29161,3002,26159,346159,TPEx
2025-10-22,6785,昱展新藥,otc,0,10000,-10000,0,0,0,0,0,0,-10000,TPEx
2025-10-22,6788,華景電,otc,143000,73000,70000,0,0,0,2148,7767,-5619,64381,TPEx
2025-10-22,6791,虎門科技,otc,13000,16000,-3000,0,0,0,406,0,406,-2594,TPEx
2025-10-22,6803,崑鼎,otc,45000,45000,0,0,0,0,1000,1000,0,0,TPEx
2025-10-22,6811,宏碁資訊,otc,0,3000,-3000,0,0,0,100,0,100,-2900,TPEx
2025-10-22,6821,聯寶,otc,14000,24000,-10000,0,0,0,0,1000,-1000,-11000,TPEx
2025-10-22,6823,濾能,otc,56000,29000,27000,0,0,0,0,0,0,27000,TPEx
2025-10-22,6829,千附精密,otc,39000,19000,20000,0,0,0,4000,6482,-2482,17518,TPEx
2025-10-22,6840,東研信超,otc,1000,6000,-5000,0,0,0,0,0,0,-5000,TPEx
2025-10-22,6841,長佳智能,otc,57000,40000,17000,0,0,0,0,1752,-1752,15248,TPEx
2025-10-22,6843,進典,otc,1000,5000,-4000,0,0,0,0,0,0,-4000,TPEx
2025-10-22,6846,綠茵,otc,1000,0,1000,0,0,0,0,0,0,1000,TPEx
2025-10-22,6859,伯特光,otc,49000,100000,-51000,0,0,0,13006,4126,8880,-42120,TPEx
2025-10-22,6870,騰雲,otc,8220,6000,2220,0,0,0,0,0,0,2220,TPEx
2025-10-22,6872,浩宇生醫,otc,8000,0,8000,0,0,0,0,0,0,8000,TPEx
2025-10-22,6874,倍力,otc,1000,1000,0,0,0,0,0,0,0,0,TPEx
2025-10-22,6875,國邑*,otc,125000,50000,75000,0,0,0,0,0,0,75000,TPEx
2025-10-22,6877,鏵友益,otc,21000,20000,1000,0,0,0,687,0,687,1687,TPEx
2025-10-22,6881,潤德,otc,1000,0,1000,0,0,0,0,0,0,1000,TPEx
2025-10-22,6894,衛司特,otc,1000,2000,-1000,0,0,0,1,0,1,-999,TPEx
2025-10-22,6895,宏碩系統,otc,49000,70000,-21000,0,0,0,5000,13488,-8488,-29488,TPEx
2025-10-22,6903,巨漢,otc,56000,93000,-37000,0,0,0,0,0,0,-37000,TPEx
2025-10-22,6913,鴻呈,otc,91000,99000,-8000,0,0,0,100,6017,-5917,-13917,TPEx
2025-10-22,6922,宸曜,otc,13000,11000,2000,0,0,0,1000,2326,-1326,674,TPEx
2025-10-22,6925,意藍,otc,56000,85000,-29000,0,0,0,84,2,82,-28918,TPEx
2025-10-22,6953,家碩,otc,3000,4000,-1000,0,0,0,0,0,0,-1000,TPEx
2025-10-22,6967,汎瑋材料,otc,4000,0,4000,0,0,0,0,0,0,4000,TPEx
2025-10-22,6968,萬達寵物,otc,3000,3000,0,0,0,0,0,1000,-1000,-1000,TPEx
2025-10-22,6971,惠民實業,otc,10000,0,10000,0,0,0,0,3000,-3000,7000,TPEx
2025-10-22,6982,大井泵浦,otc,59000,13000,46000,0,0,0,0,0,0,46000,TPEx
2025-10-22,6996,力領科技,otc,9000,3000,6000,0,0,0,0,0,0,6000,TPEx
2025-10-22,7402,邑錡,otc,5000,2000,3000,0,0,0,28864,0,28864,31864,TPEx
2025-10-22,7547,碩網,otc,36000,11000,25000,0,0,0,0,0,0,25000,TPEx
2025-10-22,7556,意德士,otc,3000,1000,2000,0,0,0,0,0,0,2000,TPEx
2025-10-22,7584,樂意,otc,0,4000,-4000,0,0,0,0,0,0,-4000,TPEx
2025-10-22,7642,昶瑞機電,otc,13000,17000,-4000,0,0,0,1000,219,781,-3219,TPEx
2025-10-22,7703,銳澤,otc,83000,118000,-35000,0,0,0,6000,3804,2196,-32804,TPEx
2025-10-22,7704,明遠精密,otc,2000,5000,-3000,0,0,0,0,0,0,-3000,TPEx
2025-10-22,7712,博盛半導體,otc,14000,1000,13000,0,0,0,0,16000,-16000,-3000,TPEx
2025-10-22,7713,威力德生醫,otc,2000,2000,0,0,0,0,0,2000,-2000,-2000,TPEx
2025-10-22,7714,創泓科技,otc,18000,6000,12000,0,0,0,0,0,0,12000,TPEx
2025-10-22,7715,裕山,otc,14000,11000,3000,0,0,0,0,0,0,3000,TPEx
2025-10-22,7718,友鋮,otc,3000,1000,2000,0,0,0,0,0,0,2000,TPEx
2025-10-22,7723,築間,otc,4000,1000,3000,0,0,0,0,0,0,3000,TPEx
2025-10-22,7728,光焱科技,otc,3000,8000,-5000,0,0,0,89,5051,-4962,-9962,TPEx
2025-10-22,7734,印能科技,otc,4000,8000,-4000,0,0,0,1100,700,400,-3600,TPEx
2025-10-22,7738,東聯互動,otc,38000,2000,36000,0,0,0,0,0,0,36000,TPEx
2025-10-22,7747,昕奇雲端,otc,1000,38000,-37000,0,0,0,0,0,0,-37000,TPEx
2025-10-22,7751,竑騰,otc,54005,45000,9005,0,0,0,1000,0,1000,10005,TPEx
2025-10-22,7753,星亞,otc,21000,1000,20000,0,0,0,3000,0,3000,23000,TPEx
2025-10-22,7757,金色三麥,otc,0,3000,-3000,0,0,0,0,0,0,-3000,TPEx
2025-10-22,8024,佑華,otc,0,1000,-1000,0,0,0,0,0,0,-1000,TPEx
2025-10-22,8027,鈦昇,otc,30000,146000,-116000,0,0,0,12026,1000,11026,-104974,TPEx
2025-10-22,8032,光菱,otc,22000,5000,17000,0,0,0,0,0,0,17000,TPEx
2025-10-22,8034,榮群,otc,28000,45000,-17000,0,0,0,0,0,0,-17000,TPEx
2025-10-22,8038,長園科,otc,483000,361000,122000,0,0,0,1000,400,600,122600,TPEx
2025-10-22,8040,九暘,otc,37000,19000,18000,0,0,0,1,0,1,18001,TPEx
2025-10-22,8042,金山電,otc,1361000,1598000,-237000,0,0,0,192582,25640,166942,-70058,TPEx
2025-10-22,8043,蜜望實,otc,8431000,7424000,1007000,0,0,0,184003,170837,13166,1020166,TPEx
2025-10-22,8044,網家,otc,180000,339000,-159000,0,0,0,4000,0,4000,-155000,TPEx
2025-10-22,8047,星雲,otc,3000,33000,-30000,0,0,0,1000,0,1000,-29000,TPEx
2025-10-22,8048,德勝,otc,11000,27000,-16000,0,0,0,0,0,0,-16000,TPEx
2025-10-22,8049,晶采,otc,3000,1000,2000,0,0,0,0,0,0,2000,TPEx
2025-10-22,8050,廣積,otc,133000,66000,67000,0,2345,-2345,4000,5000,-1000,63655,TPEx
2025-10-22,8054,安國,otc,2585000,3094000,-509000,0,0,0,209615,64029,145586,-363414,TPEx
2025-10-22,8059,凱碩,otc,206000,41000,165000,0,0,0,0,1,-1,164999,TPEx
2025-10-22,8064,東捷,otc,472000,423000,49000,0,0,0,17033,26031,-8998,40002,TPEx
2025-10-22,8066,來思達,otc,0,3000,-3000,0,0,0,0,0,0,-3000,TPEx
2025-10-22,8068,全達,otc,57000,15000,42000,0,0,0,0,0,0,42000,TPEx
2025-10-22,8069,元太,otc,1838655,2597312,-758657,0,5000,-5000,184214,163564,20650,-743007,TPEx
2025-10-22,8071,能率網通,otc,316000,351000,-35000,0,0,0,0,0,0,-35000,TPEx
2025-10-22,8074,鉅橡,otc,266000,433000,-167000,0,0,0,1000,728,272,-166728,TPEx
2025-10-22,8076,伍豐,otc,104000,50000,54000,0,0,0,0,0,0,54000,TPEx
2025-10-22,8083,瑞穎,otc,0,7000,-7000,0,0,0,0,0,0,-7000,TPEx
2025-10-22,8084,巨虹,otc,20000,26000,-6000,0,0,0,0,0,0,-6000,TPEx
2025-10-22,8085,福華,otc,47000,29000,18000,0,0,0,1000,1,999,18999,TPEx
2025-10-22,8086,宏捷科,otc,1692000,987000,705000,0,0,0,34639,41145,-6506,698494,TPEx
2025-10-22,8087,麗升能源,otc,3000,18000,-15000,0,0,0,0,273,-273,-15273,TPEx
2025-10-22,8088,品安,otc,2446000,3925505,-1479505,0,0,0,25000,124000,-99000,-1578505,TPEx
2025-10-22,8089,康全電訊,otc,74025,57000,17025,0,0,0,1422,18,1404,18429,TPEx
2025-10-22,8091,翔名,otc,23000,14000,9000,0,1360,-1360,1000,1030,-30,7610,TPEx
2025-10-22,8092,建暐,otc,8000,1000,7000,0,0,0,0,0,0,7000,TPEx
2025-10-22,8096,擎亞,otc,1187000,1809000,-622000,0,0,0,66590,192099,-125509,-747509,TPEx
2025-10-22,8097,常珵,otc,10000,83000,-73000,0,0,0,212,12020,-11808,-84808,TPEx
2025-10-22,8099,大世科,otc,32000,38000,-6000,0,0,0,0,0,0,-6000,TPEx
2025-10-22,8107,大億金茂,otc,13000,7000,6000,0,0,0,0,0,0,6000,TPEx
2025-10-22,8109,博大,otc,32000,21000,11000,0,0,0,0,309,-309,10691,TPEx
2025-10-22,8111,立碁,otc,317000,826000,-509000,0,0,0,0,2154,-2154,-511154,TPEx
2025-10-22,8121,越峰,otc,569000,262000,307000,0,0,0,3550,550,3000,310000,TPEx
2025-10-22,8147,正淩,otc,14000,24000,-10000,0,0,0,7099,1675,5424,-4576,TPEx
2025-10-22,8155,博智,otc,165000,356000,-191000,0,0,0,34357,116319,-81962,-272962,TPEx
2025-10-22,8171,天宇,otc,37000,9000,28000,0,0,0,0,27,-27,27973,TPEx
2025-10-22,8176,智捷,otc,46000,11000,35000,0,0,0,0,1,-1,34999,TPEx
2025-10-22,8182,加高,otc,14000,1000,13000,0,0,0,0,0,0,13000,TPEx
2025-10-22,8183,精星,otc,65000,20000,45000,0,0,0,0,7000,-7000,38000,TPEx
2025-10-22,8227,巨有科技,otc,234636,1064000,-829364,0,0,0,7925,22559,-14634,-843998,TPEx
2025-10-22,8234,新漢,otc,469000,546000,-77000,0,0,0,20735,7022,13713,-63287,TPEx
2025-10-22,8240,華宏,otc,69000,51000,18000,0,0,0,0,373,-373,17627,TPEx
2025-10-22,8255,朋程,otc,500000,435000,65000,0,0,0,14635,125287,-110652,-45652,TPEx
2025-10-22,8272,全景軟體,otc,1000,0,1000,0,0,0,0,0,0,1000,TPEx
2025-10-22,8277,商丞,otc,296000,163000,133000,0,0,0,0,356,-356,132644,TPEx
2025-10-22,8279,生展,otc,13000,1000,12000,0,0,0,0,0,0,12000,TPEx
2025-10-22,8284,三竹,otc,2000,0,2000,0,0,0,0,108,-108,1892,TPEx
2025-10-22,8289,泰藝,otc,2000,22000,-20000,0,0,0,0,0,0,-20000,TPEx
2025-10-22,8299,群聯,otc,303500,585100,-281600,0,153000,-153000,325372,69776,255596,-179004,TPEx
2025-10-22,8349,恒耀,otc,22000,43000,-21000,0,0,0,0,482,-482,-21482,TPEx
2025-10-22,8349A,恒耀甲特,otc,0,0,0,0,1000,-1000,0,0,0,-1000,TPEx
2025-10-22,8358,金居,otc,771000,618000,153000,0,21000,-21000,136000,51500,84500,216500,TPEx
2025-10-22,8383,千附,otc,53000,47000,6000,0,0,0,1000,250,750,6750,TPEx
2025-10-22,8390,金益鼎,otc,114000,1304000,-1190000,0,0,0,14000,97346,-83346,-1273346,TPEx
2025-10-22,8401,白紗科,otc,1000,0,1000,0,0,0,0,0,0,1000,TPEx
2025-10-22,8403,盛弘,otc,7000,1000,6000,0,0,0,0,0,0,6000,TPEx
2025-10-22,8410,森田,otc,0,1000,-1000,0,0,0,0,0,0,-1000,TPEx
2025-10-22,8415,大國鋼,otc,10000,5000,5000,0,0,0,0,0,0,5000,TPEx
2025-10-22,8421,旭源,otc,7000,12000,-5000,0,0,0,0,0,0,-5000,TPEx
2025-10-22,8426,紅木-KY,otc,13000,35000,-22000,0,0,0,0,0,0,-22000,TPEx
2025-10-22,8431,匯鑽科,otc,233000,81000,152000,0,0,0,0,1005,-1005,150995,TPEx
2025-10-22,8432,東生華,otc,4000,0,4000,0,0,0,0,0,0,4000,TPEx
2025-10-22,8433,弘帆,otc,3000,1000,2000,0,0,0,0,0,0,2000,TPEx
2025-10-22,8435,鉅邁,otc,3000,0,3000,0,0,0,0,0,0,3000,TPEx
2025-10-22,8436,大江,otc,31063,5000,26063,0,6187,-6187,6000,2479,3521,23397,TPEx
2025-10-22,8437,大地-KY,otc,6000,1000,5000,0,0,0,0,0,0,5000,TPEx
2025-10-22,8440,綠電,otc,23000,7000,16000,0,0,0,135,0,135,16135,TPEx
2025-10-22,8444,綠河-KY,otc,0,0,0,0,0,0,1000,0,1000,1000,TPEx
2025-10-22,8446,華研,otc,19000,3000,16000,0,0,0,0,0,0,16000,TPEx
2025-10-22,8450,霹靂,otc,9000,1000,8000,0,0,0,0,0,0,8000,TPEx
2025-10-22,8455,大拓-KY,otc,1000,0,1000,0,0,0,0,0,0,1000,TPEx
2025-10-22,8472,夠麻吉,otc,0,1000,-1000,0,0,0,0,0,0,-1000,TPEx
2025-10-22,8477,創業家,otc,0,3000,-3000,0,0,0,0,0,0,-3000,TPEx
2025-10-22,8489,三貝德,otc,40000,19000,21000,0,0,0,0,0,0,21000,TPEx
2025-10-22,8905,裕國,otc,0,1000,-1000,0,0,0,0,0,0,-1000,TPEx
2025-10-22,8906,花王,otc,4000,7000,-3000,0,0,0,0,0,0,-3000,TPEx
2025-10-22,8908,欣雄,otc,7270,2443,4827,0,0,0,0,0,0,4827,TPEx
2025-10-22,8916,光隆,otc,23000,0,23000,0,0,0,0,10001,-10001,12999,TPEx
2025-10-22,8923,時報,otc,0,4000,-4000,0,0,0,0,0,0,-4000,TPEx
2025-10-22,8924,大田,otc,90000,3000,87000,0,0,0,256,4000,-3744,83256,TPEx
2025-10-22,8927,北基,otc,455050,330258,124792,0,0,0,0,3,-3,124789,TPEx
2025-10-22,8928,鉅明,otc,0,1000,-1000,0,0,0,0,0,0,-1000,TPEx
2025-10-22,8930,青鋼,otc,5000,1000,4000,0,0,0,0,0,0,4000,TPEx
2025-10-22,8932,智通*,otc,144555,613000,-468445,0,0,0,21711,60056,-38345,-506790,TPEx
2025-10-22,8933,愛地雅,otc,7000,0,7000,0,0,0,1000,1062,-62,6938,TPEx
2025-10-22,8935,邦泰,otc,138000,113000,25000,0,0,0,2000,1345,655,25655,TPEx
2025-10-22,8936,國統,otc,1876000,1002000,874000,0,1000,-1000,30000,30534,-534,872466,TPEx
2025-10-22,8937,合騏,otc,32000,49000,-17000,0,0,0,1000,2021,-1021,-18021,TPEx
2025-10-22,8938,明安,otc,174000,2000,172000,0,0,0,1010,412,598,172598,TPEx
2025-10-22,8942,森鉅,otc,161000,122000,39000,0,0,0,9000,0,9000,48000,TPEx
2025-10-22,9951,皇田,otc,16000,2000,14000,0,0,0,0,0,0,14000,TPEx
2025-10-22,9960,邁達康,otc,0,1000,-1000,0,0,0,0,0,0,-1000,TPEx
2025-10-22,9962,有益,otc,0,1000,-1000,0,0,0,0,0,0,-1000,TPEx
