date,time,symbol,name,market,title,category,summary,url,source
2026-06-17,16:32,4438,廣越,,公告本公司決議股利配發基準日及轉換公司債停止轉換期間,股利,,,MOPSOV:t05sr01_1
2026-06-17,16:32,4438,廣越,,公告本公司董事會決議委任第五屆薪資報酬委員會委員,董事會,,,MOPSOV:t05sr01_1
2026-06-17,16:32,4438,廣越,,公告本公司董事會選任董事長,董事會,,,MOPSOV:t05sr01_1
2026-06-17,16:32,4190,佐登-KY,,公告本公司中華民國境內第三次無擔保轉換公司債修正為 中華民國境內第三次有擔保轉換公司債暨其發行及轉換辦法修訂,其他,,,MOPSOV:t05sr01_1
2026-06-17,16:31,6196,帆宣,,代重要子公司Market Go Profits Ltd. 公告董事會決議通過現金股利除息基準日,股利,,,MOPSOV:t05sr01_1
2026-06-17,16:31,3710,連展投控,,公告本公司第四屆薪資報酬委員會委員,其他,,,MOPSOV:t05sr01_1
2026-06-17,16:31,2752,豆府,,公告本公司董事會決議委任第四屆薪資報酬委員會委員,董事會,,,MOPSOV:t05sr01_1
2026-06-17,16:31,6196,帆宣,,代重要子公司Market Go Profits Ltd. 公告董事會決議通過盈餘分配案,董事會,,,MOPSOV:t05sr01_1
2026-06-17,16:30,3150,鈺寶-創,,本公司受邀參加臺灣證券交易所舉辦之創新板公司法人說明會,其他,,,MOPSOV:t05sr01_1
2026-06-17,16:30,7734,印能科技,,公告本公司115年股東常會通過解除新任董事及其代表人 競業之限制,其他,,,MOPSOV:t05sr01_1
2026-06-17,16:30,2752,豆府,,公告本公司第四屆審計委員會委員,其他,,,MOPSOV:t05sr01_1
2026-06-17,16:30,4438,廣越,,公告本公司審計委員會成員異動,其他,,,MOPSOV:t05sr01_1
2026-06-17,16:29,5269,祥碩,,公告本公司薪酬委員會委員異動,其他,,,MOPSOV:t05sr01_1
2026-06-17,16:29,2752,豆府,,公告本公司115年股東常會決議解除新任董事及其代表人 競業禁止之限制,其他,,,MOPSOV:t05sr01_1
2026-06-17,16:29,4438,廣越,,公告本公司115年股東常會通過解除新任董事競業禁止之限制,其他,,,MOPSOV:t05sr01_1
2026-06-17,16:29,5269,祥碩,,公告本公司審計委員會委員異動,其他,,,MOPSOV:t05sr01_1
2026-06-17,16:29,7734,印能科技,,公告本公司董事會選任董事長,董事會,,,MOPSOV:t05sr01_1
2026-06-17,16:29,2752,豆府,,公告本公司董事會選任董事長,董事會,,,MOPSOV:t05sr01_1
2026-06-17,16:28,5269,祥碩,,公告本公司董事會選任董事長,董事會,,,MOPSOV:t05sr01_1
2026-06-17,16:28,5269,祥碩,,公告本公司115年股東常會通過解除新任董事競業禁止之限制案,其他,,,MOPSOV:t05sr01_1
2026-06-17,16:28,2752,豆府,,公告本公司115年股東常會董事全面改選當選名單,其他,,,MOPSOV:t05sr01_1
2026-06-17,16:28,2215,匯豐汽車,,公告本公司115年股東常會重要決議事項,其他,,,MOPSOV:t05sr01_1
2026-06-17,16:28,3312,弘憶股,,公告本公司115年股東常會重要決議事項,其他,,,MOPSOV:t05sr01_1
2026-06-17,16:28,3710,連展投控,,公告本公司第四屆審計委員會委員,其他,,,MOPSOV:t05sr01_1
2026-06-17,16:28,5269,祥碩,,本公司115年股東常會全面改選董事(含獨立董事),其他,,,MOPSOV:t05sr01_1
2026-06-17,16:27,5269,祥碩,,公告本公司115年股東常會重要決議事項,其他,,,MOPSOV:t05sr01_1
2026-06-17,16:26,2348,海悅,,代子公司海悅建設股份有限公司公告115年度股東常會 重要決議事項,其他,,,MOPSOV:t05sr01_1
2026-06-17,16:26,2752,豆府,,公告本公司115年股東常會重要決議事項,其他,,,MOPSOV:t05sr01_1
2026-06-17,16:25,6113,亞矽,,公告本公司115年股東常會通過解除新任董事競業禁止之限制,其他,,,MOPSOV:t05sr01_1
2026-06-17,16:25,8464,億豐,,公告本公司115年股東常會決議通過解除新任董事 競業禁止之限制,其他,,,MOPSOV:t05sr01_1
2026-06-17,16:25,6113,亞矽,,公告本公司聘任第六屆薪資報酬委員會,其他,,,MOPSOV:t05sr01_1
2026-06-17,16:25,6113,亞矽,,公告本公司審計委員會任期屆滿改選,其他,,,MOPSOV:t05sr01_1
2026-06-17,16:25,9941,裕融,,代重要子公司新鑫(股)公司補充說明於114年12月17日公告 董事會決議發行無擔保普通公司債,董事會,,,MOPSOV:t05sr01_1
2026-06-17,16:24,8464,億豐,,公告本公司第五屆審計委員會委員,其他,,,MOPSOV:t05sr01_1
2026-06-17,16:24,6113,亞矽,,公告本公司董事會選任董事長,董事會,,,MOPSOV:t05sr01_1
2026-06-17,16:24,7705,三商餐飲,,公告本公司新任營運中心副總經理,其他,,,MOPSOV:t05sr01_1
2026-06-17,16:24,6113,亞矽,,公告本公司115年股東常會全面改選董事(含獨立董事)當選名單,其他,,,MOPSOV:t05sr01_1
2026-06-17,16:24,8464,億豐,,公告本公司董事會推選董事長,董事會,,,MOPSOV:t05sr01_1
2026-06-17,16:24,7705,三商餐飲,,公告本公司訂定除息基準日,其他,,,MOPSOV:t05sr01_1
2026-06-17,16:24,6278,台表科,,代本公司之重要子公司TSMT Technology (Singapore) Pte. Ltd. 公告115年股東常會重要決議事項,其他,,,MOPSOV:t05sr01_1
2026-06-17,16:24,6113,亞矽,,公告本公司115年股東常會重要決議事項,其他,,,MOPSOV:t05sr01_1
2026-06-17,16:23,8464,億豐,,公告本公司115年股東常會全面改選董事(含獨立董事) 當選名單暨董事變動達三分之一,其他,,,MOPSOV:t05sr01_1
2026-06-17,16:23,7705,三商餐飲,,公告本公司115年股東常會重要決議事項,其他,,,MOPSOV:t05sr01_1
2026-06-17,16:23,4438,廣越,,公告本公司115年股東常會全面改選董事(含獨立董事)當選名單 暨董事異動達三分之一以上,其他,,,MOPSOV:t05sr01_1
2026-06-17,16:23,2390,云辰,,公告本公司115年股東常會重要決議事項,其他,,,MOPSOV:t05sr01_1
2026-06-17,16:22,3710,連展投控,,公告本公司董事會改選董事長,董事會,,,MOPSOV:t05sr01_1
2026-06-17,16:22,8464,億豐,,公告本公司115年股東常會重要決議事項,其他,,,MOPSOV:t05sr01_1
2026-06-17,16:20,6698,旭暉應材,,董事會決議股利分派 (更新3/10公告),股利,,,MOPSOV:t05sr01_1
2026-06-17,16:20,3577,泓格,,公告本公司115年股東常會重要決議事項,其他,,,MOPSOV:t05sr01_1
2026-06-17,16:19,5907,大洋-KY,,公告本公司董事改選事宜暨三分之一以上董事發生變動 (補充董事國籍),其他,,,MOPSOV:t05sr01_1
2026-06-17,16:18,5205,中茂,,公告本公司115年股東常會重要決議事項,其他,,,MOPSOV:t05sr01_1
2026-06-17,16:18,3710,連展投控,,公告本公司股東常會通過解除新任董事競業禁止之限制,其他,,,MOPSOV:t05sr01_1
2026-06-17,16:17,4438,廣越,,公告本公司115年股東常會重要決議事項,其他,,,MOPSOV:t05sr01_1
2026-06-17,16:14,4160,訊聯基因,,公告本公司董事會通過委任 第六屆薪資報酬委員會委員名單,董事會,,,MOPSOV:t05sr01_1
2026-06-17,16:13,8042,金山電,,本公司可轉換公司債金山電六(代號：80426)達公布注 意交易資訊標準，故公告相關訊息，以利投資人區別瞭解。,其他,,,MOPSOV:t05sr01_1
2026-06-17,16:13,4160,訊聯基因,,公告本公司董事會通過張漢東先生 續任董事長,董事會,,,MOPSOV:t05sr01_1
2026-06-17,16:12,4160,訊聯基因,,公告本公司一一五年股東常會通過解除董事 競業禁止之限制,其他,,,MOPSOV:t05sr01_1
2026-06-17,16:12,8089,康全電訊,,公告本公司董事會推舉董事長,董事會,,,MOPSOV:t05sr01_1
2026-06-17,16:11,8089,康全電訊,,公告本公司新任董事代表人解除競業禁止之限制,其他,,,MOPSOV:t05sr01_1
2026-06-17,16:11,8089,康全電訊,,公告本公司薪資報酬委員會委員任期屆滿改選,其他,,,MOPSOV:t05sr01_1
2026-06-17,16:11,1236,宏亞,,公告本公司115年股東常會重要決議事項。,其他,,,MOPSOV:t05sr01_1
2026-06-17,16:11,8089,康全電訊,,公告本公司審計委員會任期屆滿改選,其他,,,MOPSOV:t05sr01_1
2026-06-17,16:10,8089,康全電訊,,公告本公司115年股東常會董事及獨立董事當選名單,其他,,,MOPSOV:t05sr01_1
2026-06-17,16:10,8089,康全電訊,,公告本公司115年股東常會重要決議事項,其他,,,MOPSOV:t05sr01_1
2026-06-17,16:10,4160,訊聯基因,,公告本公司第三屆審計委員會委員名單,其他,,,MOPSOV:t05sr01_1
2026-06-17,16:10,1216,統一,,代重要子公司UNI-PRESIDENT ASIA HOLDINGS LTD. 公告董事會決議發放股利,股利,,,MOPSOV:t05sr01_1
2026-06-17,16:09,1216,統一,,代重要子公司統一企業香港控股有限公司公告董事會決議 發放股利,股利,,,MOPSOV:t05sr01_1
2026-06-17,16:09,1216,統一,,代重要子公司統一企業(中國)投資有限公司公告董事會決議 發放股利,股利,,,MOPSOV:t05sr01_1
2026-06-17,16:09,7738,東聯互動,,公告本公司115年股東常會重要決議事項,其他,,,MOPSOV:t05sr01_1
2026-06-17,16:09,1216,統一,,代重要子公司康達盛通生活事業股份有限公司 公告董事會選任羅智先先生續任董事長,董事會,,,MOPSOV:t05sr01_1
2026-06-17,16:09,1216,統一,,代重要子公司康達盛通生活事業股份有限公司公告 115年股東常會全面改選董事及監察人,其他,,,MOPSOV:t05sr01_1
2026-06-17,16:09,6539,麗彤,,公告本公司115年股東常會通過解除新任董事競業禁止之限制,其他,,,MOPSOV:t05sr01_1
2026-06-17,16:09,1216,統一,,代重要子公司康達盛通生活事業股份有限公司 公告股東會重要決議,其他,,,MOPSOV:t05sr01_1
2026-06-17,16:09,1216,統一,,代重要子公司康達盛通生活事業股份有限公司 公告115年股東會決議解除本屆董事競業禁止之限制,其他,,,MOPSOV:t05sr01_1
2026-06-17,16:09,4160,訊聯基因,,公告本公司一一五年股東常會選舉第七屆董事當選名單,其他,,,MOPSOV:t05sr01_1
2026-06-17,16:09,5371,中光電,,代重要子公司VISICORP LIMITED公告董事會決議盈餘分配,董事會,,,MOPSOV:t05sr01_1
2026-06-17,16:08,6539,麗彤,,公告本公司委任薪資報酬委員會委員,其他,,,MOPSOV:t05sr01_1
2026-06-17,16:08,1227,佳格,,公告本公司董事會決議除息基準日等相關事宜,董事會,,,MOPSOV:t05sr01_1
2026-06-17,16:08,6539,麗彤,,公告本公司審計委員會委員異動,其他,,,MOPSOV:t05sr01_1
2026-06-17,16:08,2947,振宇五金,,公告本公司董事會決議資本公積轉增資發行新股除權基準日 相關事宜,董事會,,,MOPSOV:t05sr01_1
2026-06-17,16:08,5371,中光電,,代重要子公司WISDOM SUCCESS LIMITED公告董事會決議盈餘分配,董事會,,,MOPSOV:t05sr01_1
2026-06-17,16:07,6539,麗彤,,公告本公司董事長續任,其他,,,MOPSOV:t05sr01_1
2026-06-17,16:07,1227,佳格,,本公司115年股東常會重要決議事項,其他,,,MOPSOV:t05sr01_1
2026-06-17,16:07,6539,麗彤,,公告本公司115年股東常會董事改選當選名單,其他,,,MOPSOV:t05sr01_1
2026-06-17,16:06,5227,立凱-KY,,公告本公司現金增資認股基準日相關事宜(補充公告發行 價格、代收及存儲價款銀行),增資,,,MOPSOV:t05sr01_1
2026-06-17,16:06,1726,永記,,"代子公司Dmass Investment International Co., Ltd及 Cmass Investment Co., Ltd公告董事會決議盈餘分配",董事會,,,MOPSOV:t05sr01_1
2026-06-17,16:06,6539,麗彤,,公告本公司115年股東常會重要決議事項,其他,,,MOPSOV:t05sr01_1
2026-06-17,16:06,4160,訊聯基因,,公告本公司115年股東常會重要決議事項,其他,,,MOPSOV:t05sr01_1
2026-06-17,16:06,1726,永記,,"代Bmass Investment Co., Ltd公告董事會決議盈餘分配",董事會,,,MOPSOV:t05sr01_1
2026-06-17,16:05,2890,永豐金,,永豐金控公告本公司受邀參加國泰證券線上金融論壇,其他,,,MOPSOV:t05sr01_1
2026-06-17,16:04,2890,永豐金,,永豐金控公告本公司受邀參加Goldman Sachs Asia Financials Corporate Day,其他,,,MOPSOV:t05sr01_1
2026-06-17,16:04,7734,印能科技,,公告本公司115年股東常會改選董事當選名單暨董事變動 達三分之一,其他,,,MOPSOV:t05sr01_1
2026-06-17,16:04,2239,英利-KY,,公告本公司115年度股東常會重要決議事項,其他,,,MOPSOV:t05sr01_1
2026-06-17,16:04,3710,連展投控,,本公司115年股東常會全面改選董事(含獨立董事三席) 且董事異動已達三分之一,其他,,,MOPSOV:t05sr01_1
2026-06-17,16:03,1796,金穎生技,,公告本公司115年股東常會重要決議事項,其他,,,MOPSOV:t05sr01_1
2026-06-17,16:02,6873,泓德能源,,代重要子公司星德電力公告董事長改選,其他,,,MOPSOV:t05sr01_1
2026-06-17,16:00,7765,中華資安,,本公司董事長異動（補充公告）,其他,,,MOPSOV:t05sr01_1
2026-06-17,16:00,1608,華榮,,公告本公司薪資報酬委員會委員任期屆滿異動。,其他,,,MOPSOV:t05sr01_1
2026-06-17,15:59,2383,台光電,,本公司有價證券交易達公布注意交易資訊標準，故公告相關訊息， 以利投資人區別瞭解,其他,,,MOPSOV:t05sr01_1
2026-06-17,15:59,3131,弘塑,,公告本公司115年股東常會決議通過解除董事競業禁止之限制,其他,,,MOPSOV:t05sr01_1
2026-06-17,15:59,1608,華榮,,公告本公司審計委員會委員任期屆滿異動。,其他,,,MOPSOV:t05sr01_1
2026-06-17,15:59,3131,弘塑,,公告本公司115年股東常會補選二席董事,其他,,,MOPSOV:t05sr01_1
2026-06-17,15:58,5425,台半,,本公司董事會決議配發114年度現金股利之配發基準日,股利,,,MOPSOV:t05sr01_1
2026-06-17,15:58,3131,弘塑,,公告本公司115年股東常會之重要決議,其他,,,MOPSOV:t05sr01_1
2026-06-17,15:58,1608,華榮,,公告本公司董事會推選王宏仁先生續任董事長,董事會,,,MOPSOV:t05sr01_1
2026-06-17,15:58,1604,聲寶,,更正-公告本公司董事會選任董事長,董事會,,,MOPSOV:t05sr01_1
2026-06-17,15:58,6856,鑫傳,,公告本公司現金股利及資本公積發放現金基準日,股利,,,MOPSOV:t05sr01_1
2026-06-17,15:58,1604,聲寶,,更正-公告本公司115年股東會全面改選董事之相關資料,其他,,,MOPSOV:t05sr01_1
2026-06-17,15:57,1608,華榮,,本公司115年股東常會通過解除新任董事或及其代表人競業 禁止之限制。,其他,,,MOPSOV:t05sr01_1
2026-06-17,15:56,2327,國巨*,,係因本公司有價證券於集中市場達公布注意交易資訊標準， 故公布相關財務業務等重大訊息，以利投資人區別瞭解。,其他,,,MOPSOV:t05sr01_1
2026-06-17,15:56,1608,華榮,,公告本公司115年股東常會董事(含獨立董事)改選變動情形,其他,,,MOPSOV:t05sr01_1
2026-06-17,15:55,1608,華榮,,公告本公司115年股東常會重要決議事項。,其他,,,MOPSOV:t05sr01_1
2026-06-17,15:54,7734,印能科技,,公告本公司115年股東常會重要決議事項,其他,,,MOPSOV:t05sr01_1
2026-06-17,15:54,5871,中租-KY,,公告本公司決議甲種特別股股利除息基準日,股利,,,MOPSOV:t05sr01_1
2026-06-17,15:53,1305,華夏,,公告本公司114年度股利分派除息基準日。,股利,,,MOPSOV:t05sr01_1
2026-06-17,15:52,6873,泓德能源,,代重要子公司星德電力公告115年股東常會全面改選董監事 當選名單,其他,,,MOPSOV:t05sr01_1
2026-06-17,15:52,3710,連展投控,,公告本公司115年股東常會重要決議事項,其他,,,MOPSOV:t05sr01_1
2026-06-17,15:52,5536,聖暉*,,公告本公司董事會決議發行國內第二次及第三次無擔保轉換 公司債,董事會,,,MOPSOV:t05sr01_1
2026-06-17,15:50,3508,位速,,公告本公司董事會決議115年第一次私募普通股定價相關事宜,董事會,,,MOPSOV:t05sr01_1
2026-06-17,15:48,6849,奇鼎科技,,公告本公司115年股東常會通過解除董事及其代表人 競業禁止之限制,其他,,,MOPSOV:t05sr01_1
2026-06-17,15:47,6849,奇鼎科技,,公告本公司第三屆審計委員會推選召集人,其他,,,MOPSOV:t05sr01_1
2026-06-17,15:47,6873,泓德能源,,代重要子公司星德電力公告通過解除新任董事競業禁止 之限制案,其他,,,MOPSOV:t05sr01_1
2026-06-17,15:47,6849,奇鼎科技,,公告本公司第三屆審計委員會名單,其他,,,MOPSOV:t05sr01_1
2026-06-17,15:46,6849,奇鼎科技,,公告本公司第三屆薪資報酬委員會推選召集人,其他,,,MOPSOV:t05sr01_1
2026-06-17,15:46,6849,奇鼎科技,,公告本公司第三屆薪資報酬委員會名單,其他,,,MOPSOV:t05sr01_1
2026-06-17,15:46,7872,登豐,,本公司民國115年股東常會重要決議事項(更正主旨),其他,,,MOPSOV:t05sr01_1
2026-06-17,15:46,6209,今國光,,公告本公司一一五年股東常會重要決議事項,其他,,,MOPSOV:t05sr01_1
2026-06-17,15:46,6278,台表科,,代本公司之重要子公司Regent Manner Limited公告115年 股東常會重要決議事項,其他,,,MOPSOV:t05sr01_1
2026-06-17,15:45,6849,奇鼎科技,,公告本公司董事會推舉董事長,董事會,,,MOPSOV:t05sr01_1
2026-06-17,15:45,6849,奇鼎科技,,公告本公司115年股東常會全面改選董事當選名單,其他,,,MOPSOV:t05sr01_1
2026-06-17,15:45,6244,茂迪,,本公司115年股東常會通過解除法人董事新任代表人 競業禁止限制案,其他,,,MOPSOV:t05sr01_1
2026-06-17,15:44,6244,茂迪,,本公司115年股東常會重要決議事項,其他,,,MOPSOV:t05sr01_1
2026-06-17,15:44,6849,奇鼎科技,,公告本公司115年股東常會重要決議事項,其他,,,MOPSOV:t05sr01_1
2026-06-17,15:44,3071,協禧,,公告本公司董事長訂定除息基準日,其他,,,MOPSOV:t05sr01_1
2026-06-17,15:44,1503,士電,,公告本公司審計委員會、薪資報酬委員會及 永續發展委員會之委員任期異動,其他,,,MOPSOV:t05sr01_1
2026-06-17,15:43,1308,亞聚,,公告本公司114年度股利分派除息基準日。,股利,,,MOPSOV:t05sr01_1
2026-06-17,15:43,6698,旭暉應材,,公告本公司董事會決議發行員工認股權憑證,董事會,,,MOPSOV:t05sr01_1
2026-06-17,15:42,5425,台半,,公告本公司115年股東常會重要決議事項,其他,,,MOPSOV:t05sr01_1
2026-06-17,15:42,3008,大立光,,係因本公司有價證券於集中交易市場達公布注意交易資訊標準 ，故公布相關財務業務等重大訊息，以利投資人區別瞭解。,其他,,,MOPSOV:t05sr01_1
2026-06-17,15:42,2945,三商家購,,公告本公司訂定除息基準日,其他,,,MOPSOV:t05sr01_1
2026-06-17,15:41,1309,台達化,,公告本公司114年度股利分派除息基準日。,股利,,,MOPSOV:t05sr01_1
2026-06-17,15:41,2409,友達,,公告本公司將參加J.P Morgan舉辦之「Asia Pacific All Star Forum – London」以及 「Non-Deal Roadshow」,其他,,,MOPSOV:t05sr01_1
2026-06-17,15:41,6873,泓德能源,,代重要子公司星德電力公告115年股東常會重要決議事項,其他,,,MOPSOV:t05sr01_1
2026-06-17,15:41,3071,協禧,,公告本公司股東常會決議通過修訂公司章程並變更公司營業地址,其他,,,MOPSOV:t05sr01_1
2026-06-17,15:40,5871,中租-KY,,公告本公司決議普通股股利除權息基準日,股利,,,MOPSOV:t05sr01_1
2026-06-17,15:39,2543,皇昌,,公告本公司第六屆薪酬委員會名單,其他,,,MOPSOV:t05sr01_1
2026-06-17,15:38,3071,協禧,,公告本公司115年股東會重要決議事項,其他,,,MOPSOV:t05sr01_1
2026-06-17,15:38,1503,士電,,公告本公司股東會決議同意解除新任董事競業之限制,其他,,,MOPSOV:t05sr01_1
2026-06-17,15:38,3526,凡甲,,本公司受邀參加凱基證券舉辦之線上法人說明會,其他,,,MOPSOV:t05sr01_1
2026-06-17,15:38,2543,皇昌,,公告本公司第四屆審計委員會名單,其他,,,MOPSOV:t05sr01_1
2026-06-17,15:38,6698,旭暉應材,,公告本公司115年股東會決議事項,其他,,,MOPSOV:t05sr01_1
2026-06-17,15:37,3526,凡甲,,本公司115年股東常會重要決議事項,其他,,,MOPSOV:t05sr01_1
2026-06-17,15:37,5210,寶碩,,公告本公司董事會決議召開115年第二次股東常會相關事宜,董事會,,,MOPSOV:t05sr01_1
2026-06-17,15:37,2838,聯邦銀,,公告本公司115年分派114年度特別股現金股利相關事宜。,股利,,,MOPSOV:t05sr01_1
2026-06-17,15:37,3508,位速,,本公司115年股東常會重要決議事項,其他,,,MOPSOV:t05sr01_1
2026-06-17,15:37,6698,旭暉應材,,公告本公司董事會決議辦理現金增資發行新股,董事會,,,MOPSOV:t05sr01_1
2026-06-17,15:35,1586,和勤,,公告本公司訂定115年度現金增資認股基準日等相關事宜 (補充公告本公司現金增資代收及存儲價款銀行資訊),增資,,,MOPSOV:t05sr01_1
2026-06-17,15:34,7751,竑騰,,公告本公司115年股東常會重要決議事項,其他,,,MOPSOV:t05sr01_1
2026-06-17,15:34,7566,亞果遊艇,,公告本公司董事會通過會計主管任命案,董事會,,,MOPSOV:t05sr01_1
2026-06-17,15:33,7566,亞果遊艇,,公告本公司115年度股東常會重要決議事項,其他,,,MOPSOV:t05sr01_1
2026-06-17,15:33,5531,鄉林,,公告本公司115年度股東常會通過解除董事競業禁止之限制,其他,,,MOPSOV:t05sr01_1
2026-06-17,15:32,5531,鄉林,,公告本公司115年股東常會重要決議事項,其他,,,MOPSOV:t05sr01_1
2026-06-17,15:31,3532,台勝科,,係因本公司有價證券於集中交易市場達公布注意交易資訊標準， 故公布相關財務業務等重大訊息，以利投資人區別瞭解。,其他,,,MOPSOV:t05sr01_1
2026-06-17,15:31,8350,榮輪科技,,公告本公司115年股東常會重要決議,其他,,,MOPSOV:t05sr01_1
2026-06-17,15:30,3066,李洲,,本公司115年股東會重要決議事項,其他,,,MOPSOV:t05sr01_1
2026-06-17,15:29,6803,崑鼎,,公告本公司調整現金股利配息比率,股利,,,MOPSOV:t05sr01_1
2026-06-17,15:29,8067,志旭,,本公司115年股東常會決議解除新任董事及其代表人競業禁止案,其他,,,MOPSOV:t05sr01_1
2026-06-17,15:29,8067,志旭,,公告本公司115年股東常會重要決議事項,其他,,,MOPSOV:t05sr01_1
2026-06-17,15:29,1503,士電,,公告本公司115年股東常會董事暨獨立董事全面改選當選名單及 董事會選任常務董事、獨立董事、董事長名單,董事會,,,MOPSOV:t05sr01_1
2026-06-17,15:28,7744,崴寶,,公告本公司董事會決議通過現金增資子公司 W&B PRECISION TECHNOLOGY (VIET NAM) COMPANY LIMITED,董事會,,,MOPSOV:t05sr01_1
2026-06-17,15:28,5516,雙喜,,公告本公司115年度股東常會重要決議事項,其他,,,MOPSOV:t05sr01_1
2026-06-17,15:28,7744,崴寶,,本公司依公開發行公司資金貸與及背書保證處理準則 第二十二條第一項第三款規定公告,其他,,,MOPSOV:t05sr01_1
2026-06-17,15:28,7744,崴寶,,代越南子公司W&B PRECISION TECHNOLOGY (VIET NAM) COMPANY LIMITED公告取得土地使用權,其他,,,MOPSOV:t05sr01_1
2026-06-17,15:27,7744,崴寶,,公告本公司董事會決議通過取得土地及建物,董事會,,,MOPSOV:t05sr01_1
2026-06-17,15:26,6108,競國,,本公司辦理現金減資致債權人公告,減資,,,MOPSOV:t05sr01_1
2026-06-17,15:24,6108,競國,,公告本公司115年股東常會重要決議事項,其他,,,MOPSOV:t05sr01_1
2026-06-17,15:22,2885,元大金,,元大金控代子公司元大證券補充說明115/03/12公告董事會 決議發行無擔保普通公司債之發行條件,董事會,,,MOPSOV:t05sr01_1
2026-06-17,15:21,3064,泰偉,,公告本公司115年度股東常會重要決議事項,其他,,,MOPSOV:t05sr01_1
2026-06-17,15:20,8080,泰霖,,公告本公司115年度股東常會重要決議事項,其他,,,MOPSOV:t05sr01_1
2026-06-17,15:19,3338,泰碩,,公告本公司董事會通過修訂「買回股份轉讓員工辦法」 部分條文,董事會,,,MOPSOV:t05sr01_1
2026-06-17,15:18,3338,泰碩,,公告本公司第二屆永續發展委員會委員,其他,,,MOPSOV:t05sr01_1
2026-06-17,15:18,3711,日月光投控,,代子公司環電(股)公司公告董事會(代行股東會職權)通過 重要決議事項,董事會,,,MOPSOV:t05sr01_1
2026-06-17,15:18,6274,台燿,,115年股東會重要決議事項,其他,,,MOPSOV:t05sr01_1
2026-06-17,15:17,3338,泰碩,,公告本公司第七屆薪酬委員會委員,其他,,,MOPSOV:t05sr01_1
2026-06-17,15:15,1503,士電,,115年股東常會重要決議事項,其他,,,MOPSOV:t05sr01_1
2026-06-17,15:15,7828,創新服務,,本公司有價證券近期多次達公布注意交易資訊標準， 故公告相關訊息，以利投資人區別暸解,其他,,,MOPSOV:t05sr01_1
2026-06-17,15:14,6241,鑫永洋,,本公司有價證券近期多次達公布注意交易資訊標準，故 公告相關訊息，以利投資人區別暸解,其他,,,MOPSOV:t05sr01_1
2026-06-17,15:13,8298,威睿,,公告本公司115年股東常會重要決議事項,其他,,,MOPSOV:t05sr01_1
2026-06-17,15:13,6278,台表科,,代本公司之重要子公司峻凌國際控股有限公司公告115年 股東週年大會重要決議事項,其他,,,MOPSOV:t05sr01_1
2026-06-17,15:12,3413,京鼎,,"代子公司Foxsemicon Innovations Holding Inc.及 Foxsemicon Technology,LLC公告辦理現金增資",增資,,,MOPSOV:t05sr01_1
2026-06-17,15:12,3081,聯亞,,公告本公司取得機器設備,其他,,,MOPSOV:t05sr01_1
2026-06-17,15:11,2103,台橡,,代子公司Polybus Corporation Pte Ltd公告 股東會重要決議事宜,其他,,,MOPSOV:t05sr01_1
2026-06-17,15:10,6015,宏遠證,,公告本公司第三屆風險管理委員會委員任期屆滿,其他,,,MOPSOV:t05sr01_1
2026-06-17,15:10,6173,信昌電,,本公司有價證券近期達公佈注意交易資訊標準，故公告 相關訊息，以利投資人區別暸解。,其他,,,MOPSOV:t05sr01_1
2026-06-17,15:10,2064,晉椿,,公告本公司第二屆永續發展委員會委員名單,其他,,,MOPSOV:t05sr01_1
2026-06-17,15:09,6620,漢達,,公告本公司訂定除息基準日相關事宜,其他,,,MOPSOV:t05sr01_1
2026-06-17,15:09,6015,宏遠證,,公告本公司第二屆永續發展委員會委員任期屆滿,其他,,,MOPSOV:t05sr01_1
2026-06-17,15:09,8182,加高,,本公司有價證券近期多次達公布注意 交易資訊標準，故公告相關訊息，以利投資人區別暸解,其他,,,MOPSOV:t05sr01_1
2026-06-17,15:09,7883,饗賓,,公告本公司115年股東常會重要決議事項,其他,,,MOPSOV:t05sr01_1
2026-06-17,15:08,6620,漢達,,公告本公司115年股東常會通過解除董事競業禁止之限制,其他,,,MOPSOV:t05sr01_1
2026-06-17,15:08,2064,晉椿,,公告本公司董事會決議委任第七屆薪資報酬委員會委員,董事會,,,MOPSOV:t05sr01_1
2026-06-17,15:08,2885,元大金,,元大金控代子公司元大亞金公告股東常會重要決議事項,其他,,,MOPSOV:t05sr01_1
2026-06-17,15:08,8182,加高,,公告本公司董事會決議訂定除息基準日,董事會,,,MOPSOV:t05sr01_1
2026-06-17,15:08,6946,三地能源,,代子公司特爾電力股份有限公司公告 115年股東常會重要決議事項,其他,,,MOPSOV:t05sr01_1
2026-06-17,15:08,6620,漢達,,公告本公司115年股東常會重要決議事項,其他,,,MOPSOV:t05sr01_1
2026-06-17,15:08,6015,宏遠證,,公告本公司第五屆薪資報酬委員會委員任期屆滿,其他,,,MOPSOV:t05sr01_1
2026-06-17,15:07,2064,晉椿,,公告本公司第三屆審計委員會委員名單,其他,,,MOPSOV:t05sr01_1
2026-06-17,15:07,8182,加高,,公告本公司董事會重大決議事項,董事會,,,MOPSOV:t05sr01_1
2026-06-17,15:07,6015,宏遠證,,公告本公司第五屆審計委員會委員,其他,,,MOPSOV:t05sr01_1
2026-06-17,15:06,6015,宏遠證,,公告本公司董事會推選姜克勤先生續任董事長,董事會,,,MOPSOV:t05sr01_1
2026-06-17,15:06,2064,晉椿,,公告本公司董事會選任董事長,董事會,,,MOPSOV:t05sr01_1
2026-06-17,15:05,8182,加高,,公告本公司115年度股東常會重要決議事項,其他,,,MOPSOV:t05sr01_1
2026-06-17,15:05,1537,廣隆,,公告本公司115年股東常會重要決議事項,其他,,,MOPSOV:t05sr01_1
2026-06-17,15:05,6015,宏遠證,,公告本公司第十七屆董事(含獨立董事)當選名單,其他,,,MOPSOV:t05sr01_1
2026-06-17,15:04,2064,晉椿,,公告本公司股東會解除新任董事競業禁止之限制案,其他,,,MOPSOV:t05sr01_1
2026-06-17,15:04,6015,宏遠證,,本公司115年股東常會重要決議,其他,,,MOPSOV:t05sr01_1
2026-06-17,15:02,3081,聯亞,,公告本公司董事會通過購置機器設備投資案,董事會,,,MOPSOV:t05sr01_1
2026-06-17,15:02,7885,宏羚,,公告本公司114年度現金股利除息基準日,股利,,,MOPSOV:t05sr01_1
2026-06-17,15:02,2885,元大金,,元大金控代子公司元大亞金公告股東常會召開事宜,其他,,,MOPSOV:t05sr01_1
2026-06-17,15:02,2064,晉椿,,公告本公司115年股東會全面改選董事及獨立董事,其他,,,MOPSOV:t05sr01_1
2026-06-17,15:01,3081,聯亞,,公告本公司董事會決議發行國內第二次無擔保轉換公司債,董事會,,,MOPSOV:t05sr01_1
2026-06-17,15:01,1319,東陽,,公告本公司股東會解除董事競業禁止之限制,其他,,,MOPSOV:t05sr01_1
2026-06-17,15:01,1319,東陽,,公告本公司審計委員會委員異動,其他,,,MOPSOV:t05sr01_1
2026-06-17,15:00,3081,聯亞,,公告本公司董事會決議發行國內第一次有擔保轉換公司債,董事會,,,MOPSOV:t05sr01_1
2026-06-17,15:00,1319,東陽,,公告本公司薪資報酬委員會委員任期屆滿解任,其他,,,MOPSOV:t05sr01_1
2026-06-17,15:00,1319,東陽,,公告本公司115年股東常會全面改選董事(含獨立董事)資料,其他,,,MOPSOV:t05sr01_1
2026-06-17,15:00,1319,東陽,,115年股東常會重要決議事項,其他,,,MOPSOV:t05sr01_1
2026-06-17,14:59,3081,聯亞,,公告本公司董事會決議除權息基準日暨現金股利發放日,股利,,,MOPSOV:t05sr01_1
2026-06-17,14:59,4183,福永生技,,公告本公司代理發言人異動,其他,,,MOPSOV:t05sr01_1
2026-06-17,14:59,2064,晉椿,,公告本公司115年股東常會重要決議事項,其他,,,MOPSOV:t05sr01_1
2026-06-17,14:58,4439,冠星-KY,,本公司背書保證達「公開發行公司資金貸與及背書保證處理準則」 第25條第一項第四款之公告。,其他,,,MOPSOV:t05sr01_1
2026-06-17,14:57,3081,聯亞,,公告本公司董事會委任第四屆企業永續發展暨提名委員會委員,董事會,,,MOPSOV:t05sr01_1
2026-06-17,14:57,4439,冠星-KY,,代子公司TST International Group Limited依公開發行公司 資金貸與及背書保證處理準則第二十二條第一項第三款公告,其他,,,MOPSOV:t05sr01_1
2026-06-17,14:57,6278,台表科,,公告本公司115年配息基準日,其他,,,MOPSOV:t05sr01_1
2026-06-17,14:56,3081,聯亞,,公告本公司董事會委任第五屆薪資報酬委員會委員,董事會,,,MOPSOV:t05sr01_1
2026-06-17,14:56,4439,冠星-KY,,代子公司Top Star Textile Limited公告董事會決議 發放現金股利,股利,,,MOPSOV:t05sr01_1
2026-06-17,14:55,4439,冠星-KY,,公告本公司115年除息基準日及國內轉換公司債停止轉換 期間,其他,,,MOPSOV:t05sr01_1
2026-06-17,14:54,2543,皇昌,,公告本公司董事會推舉董事長,董事會,,,MOPSOV:t05sr01_1
2026-06-17,14:54,2543,皇昌,,公告本公司115年股東常會董事及獨立董事當選名單,其他,,,MOPSOV:t05sr01_1
2026-06-17,14:53,2543,皇昌,,公告本公司115年股東常會重要決議事項,其他,,,MOPSOV:t05sr01_1
2026-06-17,14:53,4439,冠星-KY,,公告本公司115年股東常會重要決議事項,其他,,,MOPSOV:t05sr01_1
2026-06-17,14:49,2405,輔信,,公告本公司訂定資本公積發放現金基準日等相關事宜,其他,,,MOPSOV:t05sr01_1
2026-06-17,14:47,3623,富晶通,,公告解除新任董事及其代表人競業禁止限制,其他,,,MOPSOV:t05sr01_1
2026-06-17,14:46,2103,台橡,,代子公司Polybus Corporation Pte Ltd公告召開股東會,其他,,,MOPSOV:t05sr01_1
2026-06-17,14:46,7562,博來科技,,公告本公司董事會通過委任第二屆永續發展委員會委員,董事會,,,MOPSOV:t05sr01_1
2026-06-17,14:46,7562,博來科技,,公告本公司董事會通過委任第二屆薪資報酬委員會委員,董事會,,,MOPSOV:t05sr01_1
2026-06-17,14:44,7562,博來科技,,公告本公司董事會推選第十四屆董事長,董事會,,,MOPSOV:t05sr01_1
2026-06-17,14:44,6124,業強,,公告本公司115年股東常會重要決議事項,其他,,,MOPSOV:t05sr01_1
2026-06-17,14:43,7562,博來科技,,公告本公司第二屆審計委員會委員,其他,,,MOPSOV:t05sr01_1
2026-06-17,14:43,2497,怡利電,,公告本公司董事會通過聘任永續發展委員及推舉召集人,董事會,,,MOPSOV:t05sr01_1
2026-06-17,14:43,7562,博來科技,,公告本公司115年股東常會通過解除新任董事及獨立董事 競業禁止之限制,其他,,,MOPSOV:t05sr01_1
2026-06-17,14:42,7562,博來科技,,公告本公司115年股東常會全面改選董事(含獨立董事) 暨董事變動達三分之一,其他,,,MOPSOV:t05sr01_1
2026-06-17,14:42,6668,中揚光,,公告本公司解除新任董事及其代表人競業禁止限制案,其他,,,MOPSOV:t05sr01_1
2026-06-17,14:41,7562,博來科技,,公告本公司115年股東常會重要決議,其他,,,MOPSOV:t05sr01_1
2026-06-17,14:41,7722,LINEPAY,,代重要子公司連加電子支付(股)公司公告稽核主管異動,其他,,,MOPSOV:t05sr01_1
2026-06-17,14:41,3441,聯一光電,,係因本公司有價證券於集中交易市場達公布注意交易資訊標準， 故公布相關財務業務等重大訊息，以利投資人區別瞭解。,其他,,,MOPSOV:t05sr01_1
2026-06-17,14:41,3006,晶豪科,,公告本公司國內第二次有擔保轉換 公司債之代收價款行庫及存儲專戶行庫,其他,,,MOPSOV:t05sr01_1
2026-06-17,14:41,2516,新建,,公告本公司115年股東常會決議事項,其他,,,MOPSOV:t05sr01_1
2026-06-17,14:40,2399,映泰,,公告本公司115年股東會決議事項,其他,,,MOPSOV:t05sr01_1
2026-06-17,14:40,2497,怡利電,,公告本公司董事會通過聘任薪資報酬委員及推舉召集人,董事會,,,MOPSOV:t05sr01_1
2026-06-17,14:39,2364,倫飛,,公告本公司法人董事代表人辭任,其他,,,MOPSOV:t05sr01_1
2026-06-17,14:39,4702,中美實,,公告本公司董事長訂定除息基準日,其他,,,MOPSOV:t05sr01_1
2026-06-17,14:37,4702,中美實,,公告本公司115年股東常會重要決議事項,其他,,,MOPSOV:t05sr01_1
2026-06-17,14:37,5701,劍湖山,,公告本公司115年股東常會重要決議事項,其他,,,MOPSOV:t05sr01_1
2026-06-17,14:37,3623,富晶通,,公告本公司董事會通過委任第六屆薪資報酬委員會成員,董事會,,,MOPSOV:t05sr01_1
2026-06-17,14:37,2497,怡利電,,公告本公司董事會通過聘任審計委員及推舉召集人,董事會,,,MOPSOV:t05sr01_1
2026-06-17,14:35,7551,知識科技,,公告本公司115年股東常會重要決議事項,其他,,,MOPSOV:t05sr01_1
2026-06-17,14:35,3623,富晶通,,公告本公司第五屆審計委員會成員,其他,,,MOPSOV:t05sr01_1
2026-06-17,14:34,5498,凱崴,,公告本公司115年股東常會重要決議事項,其他,,,MOPSOV:t05sr01_1
2026-06-17,14:34,2103,台橡,,代子公司TSRC (Lux.) Corporation S.a r.l. 公告股東會重要決議事宜,其他,,,MOPSOV:t05sr01_1
2026-06-17,14:34,2497,怡利電,,公告本公司董事會選任董事長、副董事長及總經理,董事會,,,MOPSOV:t05sr01_1
2026-06-17,14:33,6278,台表科,,公告本公司115年股東常會重要決議事項,其他,,,MOPSOV:t05sr01_1
2026-06-17,14:33,1707,葡萄王,,本公司受邀參加永豐金證券舉辦之線上法人說明會,其他,,,MOPSOV:t05sr01_1
2026-06-17,14:33,3062,建漢,,公告本公司受邀參加福邦證券舉辦線上法人說明會,其他,,,MOPSOV:t05sr01_1
2026-06-17,14:33,2536,宏普,,公告本公司董事會決議除息基準日及其相關事宜,董事會,,,MOPSOV:t05sr01_1
2026-06-17,14:32,3623,富晶通,,公告本公司115年股東常會改選董事名單,其他,,,MOPSOV:t05sr01_1
2026-06-17,14:32,2536,宏普,,115年股東常會重要決議事項,其他,,,MOPSOV:t05sr01_1
2026-06-17,14:32,8443,阿瘦,,公告本公司115年股東常會重要決議事項,其他,,,MOPSOV:t05sr01_1
2026-06-17,14:32,3663,鑫科,,公告本公司董事會決議委任第二屆永續經營暨 風險管理委員會委員,董事會,,,MOPSOV:t05sr01_1
2026-06-17,14:32,2365,昆盈,,公告本公司115年股東常會重要決議事項,其他,,,MOPSOV:t05sr01_1
2026-06-17,14:30,3663,鑫科,,公告本公司董事會決議委任第六屆薪資報酬委員會委員,董事會,,,MOPSOV:t05sr01_1
2026-06-17,14:29,2497,怡利電,,公告本公司股東常會改選董事,其他,,,MOPSOV:t05sr01_1
2026-06-17,14:29,3663,鑫科,,公告本公司第四屆審計委員會委員任期屆滿,其他,,,MOPSOV:t05sr01_1
2026-06-17,14:27,1558,伸興,,本公司受邀參加宏遠證券舉辦之線上法人說明會,其他,,,MOPSOV:t05sr01_1
2026-06-17,14:27,3663,鑫科,,公告本公司董事會推選董事長,董事會,,,MOPSOV:t05sr01_1
2026-06-17,14:27,6671,三能-KY,,公告本公司第四屆薪資報酬委員會委員名單,其他,,,MOPSOV:t05sr01_1
2026-06-17,14:27,6671,三能-KY,,公告本公司第四屆審計委員會委員名單,其他,,,MOPSOV:t05sr01_1
2026-06-17,14:26,6671,三能-KY,,公告本公司董事長續任,其他,,,MOPSOV:t05sr01_1
2026-06-17,14:25,3663,鑫科,,公告股東會決議通過解除本公司新任董事及其法人代表人 競業禁止之限制案,其他,,,MOPSOV:t05sr01_1
2026-06-17,14:25,2497,怡利電,,公告本公司民國115年股東常會重要決議事項,其他,,,MOPSOV:t05sr01_1
2026-06-17,14:25,1522,堤維西,,公告本公司115年股東常會重要決議事項,其他,,,MOPSOV:t05sr01_1
2026-06-17,14:24,6120,達運,,公告本公司審計委員會及薪資報酬委員會委員任期屆滿全面 選(委)任,其他,,,MOPSOV:t05sr01_1
2026-06-17,14:23,6120,達運,,公告本公司董事會推選蔡國新董事擔任董事長,董事會,,,MOPSOV:t05sr01_1
2026-06-17,14:23,6120,達運,,公告本公司115年股東常會決議通過解除董事 及其代表人競業限制案,其他,,,MOPSOV:t05sr01_1
2026-06-17,14:23,6120,達運,,公告本公司全面改選董事,其他,,,MOPSOV:t05sr01_1
2026-06-17,14:23,5452,佶優,,公告本公司董事長決議除息基準日相關事宜,其他,,,MOPSOV:t05sr01_1
2026-06-17,14:23,6120,達運,,公告本公司115年股東常會重要決議事項,其他,,,MOPSOV:t05sr01_1
2026-06-17,14:22,6294,智基,,公告本公司115年股東常會解除新任董事及其代表人 競業禁止之限制,其他,,,MOPSOV:t05sr01_1
2026-06-17,14:21,3663,鑫科,,公告本公司全面改選第十屆董事當選名單,其他,,,MOPSOV:t05sr01_1
2026-06-17,14:21,3158,嘉實,,公告本公司董事會決議委任第二屆永續發展委員會委員,董事會,,,MOPSOV:t05sr01_1
2026-06-17,14:21,6294,智基,,公告本公司第三屆審計委員會委員,其他,,,MOPSOV:t05sr01_1
2026-06-17,14:21,6294,智基,,公告本公司薪酬委員會委員任期屆滿,其他,,,MOPSOV:t05sr01_1
2026-06-17,14:21,6668,中揚光,,公告本公司一一五年股東常會改選董事(含獨立董事),其他,,,MOPSOV:t05sr01_1
2026-06-17,14:21,8446,華研,,公告本公司115年股東常會解除董事競業禁止,其他,,,MOPSOV:t05sr01_1
2026-06-17,14:20,6294,智基,,公告本公司董事會選任董事長,董事會,,,MOPSOV:t05sr01_1
2026-06-17,14:20,6294,智基,,公告本公司115年股東常會全面改選董事,其他,,,MOPSOV:t05sr01_1
2026-06-17,14:19,6294,智基,,公告本公司115年股東常會重要決議事項,其他,,,MOPSOV:t05sr01_1
2026-06-17,14:19,2103,台橡,,代子公司TSRC (Lux.) Corporation S.a r.l. 公告召開股東會,其他,,,MOPSOV:t05sr01_1
2026-06-17,14:18,3663,鑫科,,公告本公司115年股東常會重要決議事項,其他,,,MOPSOV:t05sr01_1
2026-06-17,14:17,2373,震旦行,,代重要子公司金儀股份有限公司公告除息基準日,其他,,,MOPSOV:t05sr01_1
2026-06-17,14:17,3623,富晶通,,公告本公司改選董事長,其他,,,MOPSOV:t05sr01_1
2026-06-17,14:17,2906,高林,,公告本公司115年度除息基準日,其他,,,MOPSOV:t05sr01_1
2026-06-17,14:16,6668,中揚光,,本公司第六屆董事會選任董事長,董事會,,,MOPSOV:t05sr01_1
2026-06-17,14:16,2906,高林,,公告本公司115年股東常會重要決議事項,其他,,,MOPSOV:t05sr01_1
2026-06-17,14:15,1806,冠軍,,公告本公司115年股東常會決議事項。,其他,,,MOPSOV:t05sr01_1
2026-06-17,14:15,6668,中揚光,,公告本公司第五屆薪資報酬委員會委員,其他,,,MOPSOV:t05sr01_1
2026-06-17,14:15,3623,富晶通,,本公司115年股東常會重要決議事項,其他,,,MOPSOV:t05sr01_1
2026-06-17,14:14,2459,敦吉,,代重要子公司信華科技(廈門)有限公司公告董事會決議發放 現金股利,股利,,,MOPSOV:t05sr01_1
2026-06-17,14:14,3158,嘉實,,公告本公司董事會決議委任第四屆薪酬委員會委員,董事會,,,MOPSOV:t05sr01_1
2026-06-17,14:13,5512,力麒,,公告本公司自地委建台北市中山區長春段「辦公室裝修工程第一階段」 承攬契約,其他,,,MOPSOV:t05sr01_1
2026-06-17,14:13,5512,力麒,,公告115年股東常會重要決議事項,其他,,,MOPSOV:t05sr01_1
2026-06-17,14:13,8140,利翔航太,,董事及其代表人競業禁止之限制,其他,,,MOPSOV:t05sr01_1
2026-06-17,14:12,6668,中揚光,,公告本公司第四屆審計委員會委員名單,其他,,,MOPSOV:t05sr01_1
2026-06-17,14:12,8446,華研,,公告本公司115年股東常會重要決議事項,其他,,,MOPSOV:t05sr01_1
2026-06-17,14:12,3050,鈺德,,公告本公司民國115年股東常會重要決議事項,其他,,,MOPSOV:t05sr01_1
2026-06-17,14:11,1593,祺驊,,公告本公司新任發言人及代理發言人委任案,其他,,,MOPSOV:t05sr01_1
2026-06-17,14:11,1593,祺驊,,公告本公司新任財務主管、會計主管及公司治理主管委任案,其他,,,MOPSOV:t05sr01_1
2026-06-17,14:11,3305,昇貿,,公告本公司定訂除息基準日相關事宜,其他,,,MOPSOV:t05sr01_1
2026-06-17,14:10,1593,祺驊,,公告本公司第3屆審計委員會委員名單,其他,,,MOPSOV:t05sr01_1
2026-06-17,14:10,3158,嘉實,,公告本公司新任第四屆審計委員會委員,其他,,,MOPSOV:t05sr01_1
2026-06-17,14:10,1593,祺驊,,公告本公司第6屆薪資報酬委員會委員名單,其他,,,MOPSOV:t05sr01_1
2026-06-17,14:10,2068,優頻,,公告本公司董事會決議委任第三屆薪酬委員會委員,董事會,,,MOPSOV:t05sr01_1
2026-06-17,14:09,1593,祺驊,,公告本公司董事會推選董事長,董事會,,,MOPSOV:t05sr01_1
2026-06-17,14:09,2068,優頻,,公告本公司董事會決議委任第三屆審計委員會委員,董事會,,,MOPSOV:t05sr01_1
2026-06-17,14:09,1593,祺驊,,公告本公司115年股東常會通過解除董事及其代表人 競業禁止之限制,其他,,,MOPSOV:t05sr01_1
2026-06-17,14:09,1593,祺驊,,公告本公司115年股東常會選舉第10屆董事(含獨立董事)當選人,其他,,,MOPSOV:t05sr01_1
2026-06-17,14:09,5344,立衛,,本公司第五屆薪資報酬委員會委員任期屆滿,其他,,,MOPSOV:t05sr01_1
2026-06-17,14:08,1593,祺驊,,公告本公司115年股東常會重要決議事項,其他,,,MOPSOV:t05sr01_1
2026-06-17,14:07,2068,優頻,,公告本公司董事會選任董事長,董事會,,,MOPSOV:t05sr01_1
2026-06-17,14:07,6668,中揚光,,公告本公司115年股東常會重要決議事項,其他,,,MOPSOV:t05sr01_1
2026-06-17,14:07,3313,斐成,,代重要子公司森泰工程股份有限公司 公告董事會選任董事長,董事會,,,MOPSOV:t05sr01_1
2026-06-17,14:07,8103,瀚荃,,公告本公司第二屆永續委員會委員名單,其他,,,MOPSOV:t05sr01_1
2026-06-17,14:07,8103,瀚荃,,本公司董事會決議董事長續任公告,董事會,,,MOPSOV:t05sr01_1
2026-06-17,14:06,8103,瀚荃,,公告本公司第五屆審計委員會委員名單,其他,,,MOPSOV:t05sr01_1
2026-06-17,14:06,3489,森寶,,代子公司森碁營造有限公司公告發放114年度現金股利事宜,股利,,,MOPSOV:t05sr01_1
2026-06-17,14:06,2068,優頻,,公告本公司115年股東常會通過解除董事競業禁止之限制,其他,,,MOPSOV:t05sr01_1
2026-06-17,14:06,8103,瀚荃,,公告本公司第七屆薪資報酬委員會委員名單,其他,,,MOPSOV:t05sr01_1
2026-06-17,14:06,4117,普生,,公告本公司115年股東常會重要決議事項,其他,,,MOPSOV:t05sr01_1
2026-06-17,14:06,3313,斐成,,代重要子公司森泰工程股份有限公司 公告115年股東常會解除董事競業禁止案,其他,,,MOPSOV:t05sr01_1
2026-06-17,14:06,8103,瀚荃,,公告本公司115年股東常會通過解除本公司新任董事競業 禁止之限制案,其他,,,MOPSOV:t05sr01_1
2026-06-17,14:05,8103,瀚荃,,公告本公司115年股東常會全面改選董事事宜,其他,,,MOPSOV:t05sr01_1
2026-06-17,14:05,2542,興富發,,公告本公司「提名委員會」委員任期屆滿,其他,,,MOPSOV:t05sr01_1
2026-06-17,14:05,2068,優頻,,公告本公司三分之一以上董事發生變動,其他,,,MOPSOV:t05sr01_1
2026-06-17,14:05,2542,興富發,,公告本公司「永續發展委員會」委員任期屆滿,其他,,,MOPSOV:t05sr01_1
2026-06-17,14:05,6838,台新藥,,有關檢調單位至本公司進行調查說明,其他,,,MOPSOV:t05sr01_1
2026-06-17,14:04,2542,興富發,,公告本公司「薪資報酬委員會」委員任期屆滿,其他,,,MOPSOV:t05sr01_1
2026-06-17,14:04,2068,優頻,,公告本公司115年股東常會改選董事(含獨立董事)當選名單,其他,,,MOPSOV:t05sr01_1
2026-06-17,14:03,8103,瀚荃,,公告本公司115年股東常會重要決議事項,其他,,,MOPSOV:t05sr01_1
2026-06-17,14:03,3158,嘉實,,公告本公司董事會推選董事長,董事會,,,MOPSOV:t05sr01_1
2026-06-17,14:03,2542,興富發,,公告本公司「審計委員會」委員任期屆滿改選,其他,,,MOPSOV:t05sr01_1
2026-06-17,14:03,3313,斐成,,代重要子公司森泰工程股份有限公司 公告全面改選董監事名單,其他,,,MOPSOV:t05sr01_1
2026-06-17,14:02,2068,優頻,,公告本公司115年股東常會重要決議事項,其他,,,MOPSOV:t05sr01_1
2026-06-17,14:02,1611,中電,,公告本公司代理總經理真除,其他,,,MOPSOV:t05sr01_1
2026-06-17,14:02,3489,森寶,,公告本公司115年股東常會重要決議事項,其他,,,MOPSOV:t05sr01_1
2026-06-17,14:01,2542,興富發,,公告本公司115年股東常會解除新任董事代表人競業限制案,其他,,,MOPSOV:t05sr01_1
2026-06-17,14:01,6671,三能-KY,,公告本公司股東常會決議解除董事競業禁止之限制,其他,,,MOPSOV:t05sr01_1
2026-06-17,14:00,3158,嘉實,,公告本公司115年股東常會決議通過解除董事競業禁止之限制案,其他,,,MOPSOV:t05sr01_1
2026-06-17,14:00,2542,興富發,,公告本公司董事會選任董事長,董事會,,,MOPSOV:t05sr01_1
2026-06-17,14:00,2542,興富發,,公告本公司董事(含獨立董事)當選名單 及董事變動超過三分之一,其他,,,MOPSOV:t05sr01_1
2026-06-17,14:00,6671,三能-KY,,公告本公司115年股東常會全面改選董事(含獨立董事3人)當選名單,其他,,,MOPSOV:t05sr01_1
2026-06-17,13:59,5209,新鼎,,公告本公司調整現金股利配息率,股利,,,MOPSOV:t05sr01_1
2026-06-17,13:59,2542,興富發,,公告本公司115年股東常會決議事項,其他,,,MOPSOV:t05sr01_1
2026-06-17,13:58,6671,三能-KY,,公告本公司民國115年股東常會重要決議事項,其他,,,MOPSOV:t05sr01_1
2026-06-17,13:58,9927,泰銘,,公告本公司第四屆審計委員會委員,其他,,,MOPSOV:t05sr01_1
2026-06-17,13:58,2373,震旦行,,公告本公司除息基準日,其他,,,MOPSOV:t05sr01_1
2026-06-17,13:58,2751,王座,,公告本公司受邀參加永豐金證券舉辦之法人說明會,其他,,,MOPSOV:t05sr01_1
2026-06-17,13:58,2103,台橡,,代子公司TSRC (Lux.) Corporation S.a r.l.公告 2025年虧損不予撥補,其他,,,MOPSOV:t05sr01_1
2026-06-17,13:58,3313,斐成,,代重要子公司森泰工程股份有限公司公告 115年股東常會重要決議事項,其他,,,MOPSOV:t05sr01_1
2026-06-17,13:57,6924,榮惠-KY創,,公告本公司115年股東常會重要決議事項,其他,,,MOPSOV:t05sr01_1
2026-06-17,13:57,9927,泰銘,,公告本公司董事會選任董事長,董事會,,,MOPSOV:t05sr01_1
2026-06-17,13:57,9927,泰銘,,公告本公司股東會決議通過解除新任董事及其代表人競業行 為之限制,其他,,,MOPSOV:t05sr01_1
2026-06-17,13:56,9927,泰銘,,公告本公司115年股東常會改選董事,其他,,,MOPSOV:t05sr01_1
2026-06-17,13:56,2373,震旦行,,公告本公司115年股東常會重要決議事項,其他,,,MOPSOV:t05sr01_1
2026-06-17,13:56,4979,華星光,,公告本公司現金股利除息基準日(更正除息基準日年度),股利,,,MOPSOV:t05sr01_1
2026-06-17,13:55,4966,譜瑞-KY,,公告本公司民國115年股東常會決議事項,其他,,,MOPSOV:t05sr01_1
2026-06-17,13:54,9927,泰銘,,公告本公司115年股東常會重要決議事項,其他,,,MOPSOV:t05sr01_1
2026-06-17,13:54,2008,高興昌,,公告本公司115年股東常會決議事項,其他,,,MOPSOV:t05sr01_1
2026-06-17,13:54,2481,強茂,,代重要子公司艾德光能(開曼)控股股份有限公司公告2026年 股東常會重要決議事項,其他,,,MOPSOV:t05sr01_1
2026-06-17,13:52,2348,海悅,,公告本公司115年股東常會重要決議事項,其他,,,MOPSOV:t05sr01_1
2026-06-17,13:52,6023,元大期貨,,元大期貨公告補充說明本公司於114年7月30日公告董事會 決議發行之無擔保次順位普通公司債發行條件,董事會,,,MOPSOV:t05sr01_1
2026-06-17,13:51,2609,陽明,,本公司受邀參加由群益金鼎證券股份有限公司舉辦之線上法人說明會,其他,,,MOPSOV:t05sr01_1
2026-06-17,13:51,6023,元大期貨,,元大期貨公告董事會決議辦理現金增資發行普通股,董事會,,,MOPSOV:t05sr01_1
2026-06-17,13:51,3158,嘉實,,公告本公司115年股東常會改選董事(含獨立董事)之當選名單,其他,,,MOPSOV:t05sr01_1
2026-06-17,13:51,6023,元大期貨,,元大期貨公告董事會決議114年度股票股利及現金股利 之除權息基準日,股利,,,MOPSOV:t05sr01_1
2026-06-17,13:48,3158,嘉實,,公告本公司115年股東常會重要決議事項,其他,,,MOPSOV:t05sr01_1
2026-06-17,13:47,7788,松川精密,,公告本公司115年股東常會通過解除董事競業禁止限制案,其他,,,MOPSOV:t05sr01_1
2026-06-17,13:46,8935,邦泰,,公告本公司董事會通過辦理遷址與遷廠，並向關係人取得使用權資產,董事會,,,MOPSOV:t05sr01_1
2026-06-17,13:45,2852,第一保,,本公司於115年6月18日召開法人說明會,其他,,,MOPSOV:t05sr01_1
2026-06-17,13:45,3021,鴻名,,公告本公司115年股東常會重要決議事項,其他,,,MOPSOV:t05sr01_1
2026-06-17,13:39,8093,保銳,,更正本公司公告之無虛偽或隱匿聲明書附件,其他,,,MOPSOV:t05sr01_1
2026-06-17,13:38,8935,邦泰,,公告本公司第七屆薪酬委員會委員及推選召集人,其他,,,MOPSOV:t05sr01_1
2026-06-17,13:37,1436,華友聯,,公告本公司115年除權息基準日及國內轉換公司債停止轉換期間,除權息,,,MOPSOV:t05sr01_1
2026-06-17,13:37,7788,松川精密,,公告本公司115年股東常會重要決議事項,其他,,,MOPSOV:t05sr01_1
2026-06-17,13:36,5344,立衛,,公告本公司第三屆審計委員會委員,其他,,,MOPSOV:t05sr01_1
2026-06-17,13:35,3027,盛達,,公告本公司115年5月份自結合併財務報告之相關資訊,其他,,,MOPSOV:t05sr01_1
2026-06-17,13:35,8935,邦泰,,公告本公司總經理異動,其他,,,MOPSOV:t05sr01_1
2026-06-17,13:35,2511,太子,,公告本公司會計主管兼代理發言人異動,其他,,,MOPSOV:t05sr01_1
2026-06-17,13:34,2511,太子,,公告本公司股利配發基準日,股利,,,MOPSOV:t05sr01_1
2026-06-17,13:34,6719,力智,,公告本公司除息基準日,其他,,,MOPSOV:t05sr01_1
2026-06-17,13:33,2511,太子,,公告本公司115年股東常會重要決議事項,其他,,,MOPSOV:t05sr01_1
2026-06-17,13:32,2614,東森,,代重要⼦公司東林資產(股)公司補公告租地委建⼯程承攬契約 (更正事實發生日),其他,,,MOPSOV:t05sr01_1
2026-06-17,13:32,5344,立衛,,公告本公司115年股東常會決議通過解除董事之競業禁止限制案,其他,,,MOPSOV:t05sr01_1
2026-06-17,13:32,2630,亞航,,公告本公司115年股東常會重要決議事項,其他,,,MOPSOV:t05sr01_1
2026-06-17,13:30,2314,台揚,,本公司115年6月15日董事會決議辦理 114年第二次私募普通股案作業時程不及 以致股款未於期限內收足，故本私募案另行擇期辦理。,董事會,,,MOPSOV:t05sr01_1
2026-06-17,13:29,2614,東森,,代重要⼦公司東林資產(股)公司補公告租地委建⼯程承攬契約 (更正事實發生日),其他,,,MOPSOV:t05sr01_1
2026-06-17,13:28,2614,東森,,代重要⼦公司東林資產(股)公司補公告租地委建⼯程承攬契約 (更正事實發生日),其他,,,MOPSOV:t05sr01_1
2026-06-17,13:27,2614,東森,,代重要⼦公司東林資產(股)公司補公告租地委建⼯程承攬契約 (更正事實發生日),其他,,,MOPSOV:t05sr01_1
2026-06-17,13:24,6746,全科綜電,,公告本公司115年股東常會重要決議事項,其他,,,MOPSOV:t05sr01_1
2026-06-17,13:22,2712,遠雄來,,公告本公司第六屆薪資報酬委員會委員,其他,,,MOPSOV:t05sr01_1
2026-06-17,13:21,5344,立衛,,公告本公司董事會選任董事長,董事會,,,MOPSOV:t05sr01_1
2026-06-17,13:13,5344,立衛,,公告本公司115年股東常會全面改選董事及獨立董事,其他,,,MOPSOV:t05sr01_1
2026-06-17,13:06,4526,東台,,公告本公司董事會決議委任第六屆薪資報酬委員會委員,董事會,,,MOPSOV:t05sr01_1
2026-06-17,13:06,4526,東台,,公告本公司第四屆審計委員會委員,其他,,,MOPSOV:t05sr01_1
2026-06-17,13:05,4526,東台,,公告本公司第二十屆新任董事推選董事長,其他,,,MOPSOV:t05sr01_1
2026-06-17,13:05,4526,東台,,公告本公司115年股東常會全面改選董事(含獨立董事4人) 當選名單,其他,,,MOPSOV:t05sr01_1
2026-06-17,13:04,4526,東台,,公告本公司115年股東常會重要決議事宜,其他,,,MOPSOV:t05sr01_1
2026-06-17,13:01,5344,立衛,,公告本公司115年股東常會重要決議事項,其他,,,MOPSOV:t05sr01_1
2026-06-17,12:50,2938,床的世界,,公告本公司董事會解除經理人競業禁止之限制,董事會,,,MOPSOV:t05sr01_1
2026-06-17,12:48,2938,床的世界,,公告本公司115年股東常會通過解除董事競業禁止之限制,其他,,,MOPSOV:t05sr01_1
2026-06-17,12:44,2938,床的世界,,公告本公司115年股東常會重要決議事項,其他,,,MOPSOV:t05sr01_1
2026-06-17,11:47,1237,台糖公司,,公告台糖公司115年股東常會改選董事(含獨立董事),其他,,,MOPSOV:t05sr01_1
2026-06-17,11:44,5493,三聯,,代子公司多聯科技(股)公司公告股利配發基準日,股利,,,MOPSOV:t05sr01_1
2026-06-17,11:21,2033,佳大,,本公司董事會決議召開115年第1次股東臨時會公告,董事會,,,MOPSOV:t05sr01_1
2026-06-17,11:13,5212,凌網,,公告本公司薪資報酬委員會委員任期屆滿,其他,,,MOPSOV:t05sr01_1
2026-06-17,11:12,5212,凌網,,公告本公司115年股東常會決議通過解除 董事及其代表人競業禁止之限制,其他,,,MOPSOV:t05sr01_1
2026-06-17,11:12,5212,凌網,,公告本公司審計委員會委員任期屆滿改選,其他,,,MOPSOV:t05sr01_1
2026-06-17,11:11,5212,凌網,,公告本公司115年股東常會全面改選董事(含獨立董事),其他,,,MOPSOV:t05sr01_1
2026-06-17,11:11,2367,燿華,,澄清2026年6月17日工商時報報導,其他,,,MOPSOV:t05sr01_1
2026-06-17,11:10,5212,凌網,,公告本公司115年股東常會重要決議事項,其他,,,MOPSOV:t05sr01_1
2026-06-17,10:51,5471,松翰,,公告本公司除息基準日,其他,,,MOPSOV:t05sr01_1
2026-06-17,10:49,5471,松翰,,公告本公司115年股東常會重要決議事項,其他,,,MOPSOV:t05sr01_1
2026-06-17,10:25,6545,擎力,,公告115年股東常會重要決議事項,其他,,,MOPSOV:t05sr01_1
2026-06-17,10:06,000511,富隆,,富隆115年股東常會全面改選董監事當選名單,其他,,,MOPSOV:t05sr01_1
2026-06-17,10:03,8368,屏南有線,,公告本公司董事會(代行股東會職權)通過解除董事競業禁 止之限制。,董事會,,,MOPSOV:t05sr01_1
2026-06-17,10:00,8368,屏南有線,,公告本公司董事及監察人因任期屆滿，唯一法人 股東浩鳴股份有限公司重新指派新任董監事名單。,其他,,,MOPSOV:t05sr01_1
2026-06-17,09:58,8368,屏南有線,,公告本公司董事長異動,其他,,,MOPSOV:t05sr01_1
2026-06-17,07:26,5347,世界,,公告本公司調整民國一一四年盈餘分派案配息比率 (每股現金股利金額),股利,,,MOPSOV:t05sr01_1
2026-06-17,07:00,4953,緯致,,公告本公司名稱由「緯創軟體股份有限公司」 更名為「緯致科技股份有限公司」， 公告期間：115年6月2日至115年9月1日。,其他,,,MOPSOV:t05sr01_1
2026-06-17,07:00,3708,上緯投控,,公告本公司名稱由「上緯國際投資控股股份有限公司」更名為 「上緯國際控股股份有限公司」，公告期間：115年6月11日至 115年9月10日。,其他,,,MOPSOV:t05sr01_1
